2024-10-31 07:26:00,"69,05","+0,44","(+0,64%)",07:23:29,6905.0
6905.0
6905.0
2024-10-31 07:22:39,"69,03","+0,42","(+0,61%)",07:21:31,6905.0
2024-10-31 07:22:39,"69,03","+0,42","(+0,61%)",07:21:31,6905.0
2024-10-31 07:22:49,"69,03","+0,42","(+0,61%)",07:21:31,6905.0
2024-10-31 07:22:50,"69,03","+0,42","(+0,61%)",07:21:31,6905.133333333333
2024-10-31 07:23:01,"69,03","+0,42","(+0,61%)",07:21:31,6904.0
2024-10-31 07:23:01,"69,03","+0,42","(+0,61%)",07:21:31,6904.0
2024-10-31 07:23:12,"69,03","+0,42","(+0,61%)",07:21:31,6904.0
2024-10-31 07:23:12,"69,03","+0,42","(+0,61%)",07:21:31,6903.0
2024-10-31 07:23:23,"69,03","+0,42","(+0,61%)",07:21:31,6903.0
2024-10-31 07:23:23,"69,03","+0,42","(+0,61%)",07:21:31,6904.0
2024-10-31 07:23:34,"69,04","+0,43","(+0,63%)",07:22:13,6903.0
2024-10-31 07:23:34,"69,04","+0,43","(+0,63%)",07:22:13,6903.0
2024-10-31 07:23:45,"69,04","+0,43","(+0,63%)",07:22:13,6903.0
2024-10-31 07:23:45,"69,04","+0,43","(+0,63%)",07:22:13,6903.0
2024-10-31 07:23:56,"69,03","+0,42","(+0,61%)",07:21:31,6903.0
2024-10-31 07:23:56,"69,06","+0,45","(+0,66%)",07:14:06,6903.0
2024-10-31 07:24:07,"69,04","+0,43","(+0,63%)",07:22:13,6903.0
2024-10-31 07:24:07,"69,04","+0,43","(+0,63%)",07:22:13,6903.0
2024-10-31 07:24:18,"69,05","+0,44","(+0,64%)",07:23:29,6903.0
2024-10-31 07:24:18,"69,04","+0,43","(+0,63%)",07:22:13,6903.0
2024-10-31 07:24:29,"69,04","+0,43","(+0,63%)",07:22:13,6904.0
2024-10-31 07:24:29,"69,04","+0,43","(+0,63%)",07:22:13,6904.0
2024-10-31 07:24:40,"69,05","+0,44","(+0,64%)",07:23:29,6904.0
2024-10-31 07:24:40,"69,05","+0,44","(+0,64%)",07:23:29,6904.0
2024-10-31 07:24:51,"69,05","+0,44","(+0,64%)",07:23:29,6903.0
2024-10-31 07:24:51,"69,05","+0,44","(+0,64%)",07:23:29,6906.0
2024-10-31 07:25:03,"69,05","+0,44","(+0,64%)",07:23:29,6904.0
2024-10-31 07:25:14,"69,05","+0,44","(+0,64%)",07:23:29,6905.133333333333
2024-10-31 07:25:15,"69,05","+0,44","(+0,64%)",07:23:29,6904.0
2024-10-31 07:25:26,"69,05","+0,44","(+0,64%)",07:23:29,6904.0
2024-10-31 07:25:26,"69,05","+0,44","(+0,64%)",07:23:29,6906.0
2024-10-31 07:25:37,"69,05","+0,44","(+0,64%)",07:23:29,6905.0
2024-10-31 07:25:38,"69,05","+0,44","(+0,64%)",07:23:29,6905.0
2024-10-31 07:25:48,"69,05","+0,44","(+0,64%)",07:23:29,6905.0
2024-10-31 07:25:48,"69,05","+0,44","(+0,64%)",07:23:29,6905.0
2024-10-31 07:26:00,"69,05","+0,44","(+0,64%)",07:23:29,6905.0
2024-10-31 07:26:11,"69,05","+0,44","(+0,64%)",07:23:29,6905.0
2024-10-31 07:26:11,"69,05","+0,44","(+0,64%)",07:23:29,6905.0
2024-10-31 07:26:22,"69,05","+0,44","(+0,64%)",07:23:29,6905.0
2024-10-31 07:26:22,"69,05","+0,44","(+0,64%)",07:25:01,6905.0
2024-10-31 07:26:33,"69,05","+0,44","(+0,64%)",07:25:01,6905.0
2024-10-31 07:26:33,"69,05","+0,44","(+0,64%)",07:25:01,6905.0
2024-10-31 07:26:44,"69,05","+0,44","(+0,64%)",07:23:29,6905.0
2024-10-31 07:26:44,"69,05","+0,44","(+0,64%)",07:23:29,6905.0
2024-10-31 07:26:55,"69,05","+0,44","(+0,64%)",07:25:01,6905.0
2024-10-31 07:26:55,"69,05","+0,44","(+0,64%)",07:25:01,6905.0
2024-10-31 07:27:06,"69,05","+0,44","(+0,64%)",07:25:01,6905.0
2024-10-31 07:27:06,"69,05","+0,44","(+0,64%)",07:25:01,6905.0
2024-10-31 07:27:18,"69,05","+0,44","(+0,64%)",07:25:01,6905.0
2024-10-31 07:27:18,"69,05","+0,44","(+0,64%)",07:25:01,6905.0
2024-10-31 07:27:29,"69,04","+0,43","(+0,63%)",07:26:52,6905.0
2024-10-31 07:27:29,"69,04","+0,43","(+0,63%)",07:26:52,6905.0
2024-10-31 07:27:41,"69,05","+0,44","(+0,64%)",07:25:01,6905.0
2024-10-31 07:27:41,"69,05","+0,44","(+0,64%)",07:25:01,6905.0
2024-10-31 07:27:51,"69,04","+0,43","(+0,63%)",07:26:52,6905.0
2024-10-31 07:27:52,"69,04","+0,43","(+0,63%)",07:26:52,6905.0
2024-10-31 07:28:03,"69,04","+0,43","(+0,63%)",07:26:52,6905.0
2024-10-31 07:28:03,"69,04","+0,43","(+0,63%)",07:26:52,6905.0
2024-10-31 07:28:13,"69,04","+0,43","(+0,63%)",07:26:52,6905.0
2024-10-31 07:28:14,"69,04","+0,43","(+0,63%)",07:26:52,6905.0
2024-10-31 07:28:25,"69,06","+0,45","(+0,66%)",07:27:41,6904.0
2024-10-31 07:28:25,"69,04","+0,43","(+0,63%)",07:26:52,6904.0
2024-10-31 07:28:36,"69,04","+0,43","(+0,63%)",07:26:52,6905.0
2024-10-31 07:28:36,"69,06","+0,45","(+0,66%)",07:27:41,6905.0
2024-10-31 07:28:47,"69,06","+0,45","(+0,66%)",07:27:41,6904.0
2024-10-31 07:28:47,"69,06","+0,45","(+0,66%)",07:27:41,6904.0
2024-10-31 07:28:58,"69,06","+0,45","(+0,66%)",07:27:41,6904.0
2024-10-31 07:28:58,"69,06","+0,45","(+0,66%)",07:27:41,6904.0
2024-10-31 07:29:09,"69,06","+0,45","(+0,66%)",07:27:41,6904.0
2024-10-31 07:29:09,"69,06","+0,45","(+0,66%)",07:27:41,6904.0
2024-10-31 07:29:20,"69,06","+0,45","(+0,66%)",07:28:36,6906.0
2024-10-31 07:29:20,"69,06","+0,45","(+0,66%)",07:28:36,6904.0
2024-10-31 07:29:30,"69,06","+0,45","(+0,66%)",07:27:41,6904.0
2024-10-31 07:29:31,"69,06","+0,45","(+0,66%)",07:27:41,6906.0
2024-10-31 07:29:41,"69,06","+0,45","(+0,66%)",07:28:36,6906.0
2024-10-31 07:29:42,"69,06","+0,45","(+0,66%)",07:28:36,6906.0
2024-10-31 07:29:52,"69,06","+0,45","(+0,66%)",07:28:36,6906.0
2024-10-31 07:29:53,"69,06","+0,45","(+0,66%)",07:28:36,6906.0
2024-10-31 07:30:03,"69,06","+0,45","(+0,66%)",07:28:36,6906.0
2024-10-31 07:30:04,"69,06","+0,45","(+0,66%)",07:28:36,6906.0
2024-10-31 07:30:14,"69,06","+0,45","(+0,66%)",07:28:36,6906.0
2024-10-31 07:30:15,"69,06","+0,45","(+0,66%)",07:28:36,6906.0
2024-10-31 07:30:25,"69,03","+0,42","(+0,61%)",07:29:15,6906.0
2024-10-31 07:30:26,"69,03","+0,42","(+0,61%)",07:29:15,6906.0
2024-10-31 07:30:36,"69,03","+0,42","(+0,61%)",07:29:15,6906.0
2024-10-31 07:30:36,"69,03","+0,42","(+0,61%)",07:29:15,6906.0
2024-10-31 07:30:48,"69,03","+0,42","(+0,61%)",07:29:15,6906.0
2024-10-31 07:30:48,"69,03","+0,42","(+0,61%)",07:29:15,6906.0
2024-10-31 07:30:59,"69,03","+0,42","(+0,61%)",07:29:15,6906.0
2024-10-31 07:31:00,"69,03","+0,42","(+0,61%)",07:29:15,6906.0
2024-10-31 07:31:11,"69,03","+0,42","(+0,61%)",07:29:15,6906.0
2024-10-31 07:31:11,"69,03","+0,42","(+0,61%)",07:29:15,6906.0
2024-10-31 07:31:22,"69,01","+0,40","(+0,58%)",07:30:46,6903.0
2024-10-31 07:31:22,"69,01","+0,40","(+0,58%)",07:30:46,6903.0
2024-10-31 07:31:33,"69,01","+0,40","(+0,58%)",07:30:46,6903.0
2024-10-31 07:31:33,"69,01","+0,40","(+0,58%)",07:30:46,6903.0
2024-10-31 07:31:44,"69,01","+0,40","(+0,58%)",07:30:46,6903.0
2024-10-31 07:31:45,"69,01","+0,40","(+0,58%)",07:30:46,6903.0
2024-10-31 07:31:56,"69,01","+0,40","(+0,58%)",07:30:46,6903.0
2024-10-31 07:31:56,"69,01","+0,40","(+0,58%)",07:30:46,6903.0
2024-10-31 07:32:07,"69,01","+0,40","(+0,58%)",07:30:46,6903.0
2024-10-31 07:32:08,"69,01","+0,40","(+0,58%)",07:30:46,6903.0
2024-10-31 07:32:19,"69,01","+0,40","(+0,58%)",07:30:46,6901.0
2024-10-31 07:32:19,"68,98","+0,37","(+0,54%)",07:31:40,6901.0
2024-10-31 07:32:31,"68,98","+0,37","(+0,54%)",07:31:40,6901.0
2024-10-31 07:32:31,"69,01","+0,40","(+0,58%)",07:30:46,6901.0
2024-10-31 07:32:42,"68,98","+0,37","(+0,54%)",07:31:40,6901.0
2024-10-31 07:32:42,"68,98","+0,37","(+0,54%)",07:31:40,6901.0
2024-10-31 07:32:53,"68,98","+0,37","(+0,54%)",07:31:40,6901.0
2024-10-31 07:32:53,"68,98","+0,37","(+0,54%)",07:31:40,6901.0
2024-10-31 07:33:05,"68,98","+0,37","(+0,54%)",07:31:40,6901.0
2024-10-31 07:33:05,"68,98","+0,37","(+0,54%)",07:31:40,6901.0
2024-10-31 07:33:15,"68,98","+0,37","(+0,54%)",07:31:40,6901.0
2024-10-31 07:33:16,"68,98","+0,37","(+0,54%)",07:31:40,6898.0
2024-10-31 07:33:27,"68,98","+0,37","(+0,54%)",07:31:40,6898.0
2024-10-31 07:33:27,"68,98","+0,37","(+0,54%)",07:31:40,6901.0
2024-10-31 07:33:37,"68,94","+0,33","(+0,48%)",07:32:35,6898.0
2024-10-31 07:33:38,"68,94","+0,33","(+0,48%)",07:32:35,6898.0
2024-10-31 07:33:48,"68,98","+0,37","(+0,54%)",07:31:40,6898.0
2024-10-31 07:33:48,"68,94","+0,33","(+0,48%)",07:32:35,6898.0
2024-10-31 07:33:59,"68,94","+0,33","(+0,48%)",07:32:35,6898.0
2024-10-31 07:33:59,"68,94","+0,33","(+0,48%)",07:32:35,6898.0
2024-10-31 07:34:10,"68,94","+0,33","(+0,48%)",07:32:35,6898.0
2024-10-31 07:34:10,"68,94","+0,33","(+0,48%)",07:32:35,6898.0
2024-10-31 07:34:21,"68,95","+0,34","(+0,50%)",07:34:05,6898.0
2024-10-31 07:34:21,"68,94","+0,33","(+0,48%)",07:32:35,6898.0
2024-10-31 07:34:32,"68,95","+0,34","(+0,50%)",07:34:05,6894.0
2024-10-31 07:34:33,"68,95","+0,34","(+0,50%)",07:34:05,6894.0
2024-10-31 07:34:43,"68,95","+0,34","(+0,50%)",07:34:05,6898.0
2024-10-31 07:34:44,"68,95","+0,34","(+0,50%)",07:34:05,6894.0
2024-10-31 07:34:54,"68,95","+0,34","(+0,50%)",07:34:05,6894.0
2024-10-31 07:34:54,"68,95","+0,34","(+0,50%)",07:34:05,6894.0
2024-10-31 07:35:05,"68,95","+0,34","(+0,50%)",07:34:05,6894.0
2024-10-31 07:35:05,"68,95","+0,34","(+0,50%)",07:34:05,6894.0
2024-10-31 07:35:16,"68,95","+0,34","(+0,50%)",07:34:05,6895.0
2024-10-31 07:35:16,"68,95","+0,34","(+0,50%)",07:34:05,6894.0
2024-10-31 07:35:27,"68,97","+0,36","(+0,52%)",07:35:04,6895.0
2024-10-31 07:35:28,"68,97","+0,36","(+0,52%)",07:35:04,6895.0
2024-10-31 07:35:38,"68,97","+0,36","(+0,52%)",07:35:04,6895.0
2024-10-31 07:35:39,"68,97","+0,36","(+0,52%)",07:35:04,6895.0
2024-10-31 07:35:49,"68,97","+0,36","(+0,52%)",07:35:04,6895.0
2024-10-31 07:35:50,"68,97","+0,36","(+0,52%)",07:35:04,6895.0
2024-10-31 07:36:00,"68,97","+0,36","(+0,52%)",07:35:04,6895.0
2024-10-31 07:36:01,"68,97","+0,36","(+0,52%)",07:35:04,6895.0
2024-10-31 07:36:11,"68,97","+0,36","(+0,52%)",07:35:04,6895.0
2024-10-31 07:36:12,"68,97","+0,36","(+0,52%)",07:35:04,6895.0
2024-10-31 07:36:22,"68,97","+0,36","(+0,52%)",07:35:04,6897.0
2024-10-31 07:36:23,"68,97","+0,36","(+0,52%)",07:35:04,6897.0
2024-10-31 07:36:33,"68,99","+0,38","(+0,55%)",07:36:04,6897.0
2024-10-31 07:36:34,"68,99","+0,38","(+0,55%)",07:36:04,6897.0
2024-10-31 07:36:44,"68,97","+0,36","(+0,52%)",07:35:04,6897.0
2024-10-31 07:36:45,"68,99","+0,38","(+0,55%)",07:36:04,6897.0
2024-10-31 07:36:55,"68,99","+0,38","(+0,55%)",07:36:04,6897.0
2024-10-31 07:36:57,"68,99","+0,38","(+0,55%)",07:36:04,6897.0
2024-10-31 07:37:07,"68,99","+0,38","(+0,55%)",07:36:04,6897.0
2024-10-31 07:37:08,"68,99","+0,38","(+0,55%)",07:36:04,6897.0
2024-10-31 07:37:18,"68,99","+0,38","(+0,55%)",07:36:04,6897.0
2024-10-31 07:37:20,"68,99","+0,38","(+0,55%)",07:36:04,6897.0
2024-10-31 07:37:29,"69,02","+0,41","(+0,60%)",07:37:03,6899.0
2024-10-31 07:37:31,"69,02","+0,41","(+0,60%)",07:37:03,6899.0
2024-10-31 07:37:40,"69,02","+0,41","(+0,60%)",07:37:03,6897.0
2024-10-31 07:37:42,"69,02","+0,41","(+0,60%)",07:37:03,6899.0
2024-10-31 07:37:51,"69,02","+0,41","(+0,60%)",07:37:03,6899.0
2024-10-31 07:37:53,"68,99","+0,38","(+0,55%)",07:36:04,6899.0
2024-10-31 07:38:02,"69,02","+0,41","(+0,60%)",07:37:03,6899.0
2024-10-31 07:38:04,"69,02","+0,41","(+0,60%)",07:37:03,6899.0
2024-10-31 07:38:13,"69,02","+0,41","(+0,60%)",07:37:03,6899.0
2024-10-31 07:38:15,"69,02","+0,41","(+0,60%)",07:37:03,6899.0
2024-10-31 07:38:24,"69,02","+0,41","(+0,60%)",07:37:03,6902.0
2024-10-31 07:38:26,"69,00","+0,39","(+0,57%)",07:38:00,6902.0
2024-10-31 07:38:35,"69,02","+0,41","(+0,60%)",07:37:03,6902.0
2024-10-31 07:38:38,"69,00","+0,39","(+0,57%)",07:38:00,6902.0
2024-10-31 07:38:46,"69,04","+0,43","(+0,63%)",07:22:13,6902.0
2024-10-31 07:38:49,"69,00","+0,39","(+0,57%)",07:38:00,6899.0
2024-10-31 07:38:57,"69,00","+0,39","(+0,57%)",07:38:00,6902.0
2024-10-31 07:38:59,"69,00","+0,39","(+0,57%)",07:38:00,6902.0
2024-10-31 07:39:08,"69,00","+0,39","(+0,57%)",07:38:00,6902.0
2024-10-31 07:39:11,"69,00","+0,39","(+0,57%)",07:38:00,6902.0
2024-10-31 07:39:20,"69,00","+0,39","(+0,57%)",07:38:00,6902.0
2024-10-31 07:39:22,"69,01","+0,40","(+0,58%)",07:37:12,6900.0
2024-10-31 07:39:31,"69,00","+0,39","(+0,57%)",07:38:00,6902.0
2024-10-31 07:39:34,"69,00","+0,39","(+0,57%)",07:38:00,6900.0
2024-10-31 07:39:44,"69,00","+0,39","(+0,57%)",07:38:00,6904.0
2024-10-31 07:39:45,"69,00","+0,39","(+0,57%)",07:38:00,6900.0
2024-10-31 07:39:55,"69,00","+0,39","(+0,57%)",07:39:10,6900.0
2024-10-31 09:08:59,"68,74","+0,13","(+0,19%)",09:08:14,6874.0
2024-10-31 09:08:59,"68,74","+0,13","(+0,19%)",09:08:14,6908.0
2024-10-31 09:09:09,"68,91","+0,30","(+0,44%)",08:17:32,6908.0
2024-10-31 09:09:11,"68,74","+0,13","(+0,19%)",09:08:14,6874.0
2024-10-31 09:09:20,"68,79","+0,18","(+0,26%)",08:53:08,6874.0
2024-10-31 09:09:22,"68,74","+0,13","(+0,19%)",09:08:14,6874.0
2024-10-31 09:09:30,"68,75","+0,14","(+0,20%)",09:08:45,6874.0
2024-10-31 09:09:32,"68,75","+0,14","(+0,20%)",09:08:45,6874.0
2024-10-31 09:09:41,"68,75","+0,14","(+0,20%)",09:08:45,6874.0
2024-10-31 09:09:43,"68,75","+0,14","(+0,20%)",09:08:45,6874.0
2024-10-31 09:09:52,"68,75","+0,14","(+0,20%)",09:08:45,6874.0
2024-10-31 09:09:53,"68,75","+0,14","(+0,20%)",09:08:45,6874.0
2024-10-31 09:10:03,"68,75","+0,14","(+0,20%)",09:08:45,6891.0
2024-10-31 09:10:05,"68,75","+0,14","(+0,20%)",09:08:45,6874.0
2024-10-31 09:10:15,"68,75","+0,14","(+0,20%)",09:08:45,6879.0
2024-10-31 09:10:16,"68,69","+0,08","(+0,12%)",09:09:45,6874.0
2024-10-31 09:10:26,"68,69","+0,08","(+0,12%)",09:09:45,6875.0
2024-10-31 09:10:27,"68,69","+0,08","(+0,12%)",09:09:45,6875.0
2024-10-31 09:10:37,"68,69","+0,08","(+0,12%)",09:09:45,6875.0
2024-10-31 09:10:39,"68,69","+0,08","(+0,12%)",09:09:45,6875.0
2024-10-31 09:10:49,"68,69","+0,08","(+0,12%)",09:09:45,6875.0
2024-10-31 09:10:50,"68,69","+0,08","(+0,12%)",09:09:45,6875.0
2024-10-31 09:11:00,"68,69","+0,08","(+0,12%)",09:09:45,6875.0
2024-10-31 09:11:01,"68,69","+0,08","(+0,12%)",09:09:45,6875.0
2024-10-31 09:11:11,"68,69","+0,08","(+0,12%)",09:09:45,6875.0
2024-10-31 09:11:12,"68,69","+0,08","(+0,12%)",09:09:45,6869.0
2024-10-31 09:11:23,"68,69","+0,08","(+0,12%)",09:10:45,6869.0
2024-10-31 09:11:24,"68,69","+0,08","(+0,12%)",09:10:45,6869.0
2024-10-31 09:11:34,"68,69","+0,08","(+0,12%)",09:09:45,6869.0
2024-10-31 09:11:34,"68,69","+0,08","(+0,12%)",09:10:45,6869.0
2024-10-31 09:11:44,"68,69","+0,08","(+0,12%)",09:10:45,6869.0
2024-10-31 09:11:45,"68,69","+0,08","(+0,12%)",09:10:45,6869.0
2024-10-31 09:11:55,"68,69","+0,08","(+0,12%)",09:10:45,6869.0
2024-10-31 09:11:56,"68,69","+0,08","(+0,12%)",09:10:45,6869.0
2024-10-31 09:12:06,"68,69","+0,08","(+0,12%)",09:10:45,6869.0
2024-10-31 09:12:06,"68,69","+0,08","(+0,12%)",09:10:45,6869.0
2024-10-31 09:12:17,"68,69","+0,08","(+0,12%)",09:10:45,6869.0
2024-10-31 09:12:17,"68,69","+0,08","(+0,12%)",09:10:45,6869.0
2024-10-31 09:12:27,"68,69","+0,08","(+0,12%)",09:10:45,6869.0
2024-10-31 09:12:28,"68,69","+0,08","(+0,12%)",09:10:45,6869.0
2024-10-31 09:12:38,"68,69","+0,08","(+0,12%)",09:10:45,6869.0
2024-10-31 09:12:39,"68,69","+0,08","(+0,12%)",09:10:45,6869.0
2024-10-31 09:12:49,"68,68","+0,07","(+0,10%)",09:11:45,6869.0
2024-10-31 09:12:50,"68,68","+0,07","(+0,10%)",09:11:45,6869.0
2024-10-31 09:13:00,"68,69","+0,08","(+0,12%)",09:10:45,6869.0
2024-10-31 09:13:01,"68,68","+0,07","(+0,10%)",09:11:45,6869.0
2024-10-31 09:13:10,"68,68","+0,07","(+0,10%)",09:11:45,6869.0
2024-10-31 09:13:11,"68,68","+0,07","(+0,10%)",09:11:45,6869.0
2024-10-31 09:13:21,"68,68","+0,07","(+0,10%)",09:11:45,6869.0
2024-10-31 09:13:22,"68,68","+0,07","(+0,10%)",09:11:45,6869.0
2024-10-31 09:13:32,"68,68","+0,07","(+0,10%)",09:11:45,6869.0
2024-10-31 09:13:33,"68,69","+0,08","(+0,12%)",09:12:52,6869.0
2024-10-31 09:13:43,"68,68","+0,07","(+0,10%)",09:11:45,6868.0
2024-10-31 09:13:44,"68,69","+0,08","(+0,12%)",09:12:52,6868.0
2024-10-31 09:13:54,"68,69","+0,08","(+0,12%)",09:12:52,6869.0
2024-10-31 09:13:55,"68,69","+0,08","(+0,12%)",09:12:52,6868.0
2024-10-31 09:14:05,"68,69","+0,08","(+0,12%)",09:12:52,6868.0
2024-10-31 09:14:06,"68,69","+0,08","(+0,12%)",09:12:52,6868.0
2024-10-31 09:14:16,"68,69","+0,08","(+0,12%)",09:12:52,6868.0
2024-10-31 09:14:17,"68,69","+0,08","(+0,12%)",09:12:52,6868.0
2024-10-31 09:14:27,"68,68","+0,07","(+0,10%)",09:14:07,6868.0
2024-10-31 09:14:28,"68,68","+0,07","(+0,10%)",09:14:07,6869.0
2024-10-31 09:14:38,"68,68","+0,07","(+0,10%)",09:14:07,6868.0
2024-10-31 09:14:39,"68,69","+0,08","(+0,12%)",09:12:52,6869.0
2024-10-31 09:14:49,"68,68","+0,07","(+0,10%)",09:14:07,6869.0
2024-10-31 09:14:50,"68,68","+0,07","(+0,10%)",09:14:07,6869.0
2024-10-31 09:15:00,"68,68","+0,07","(+0,10%)",09:14:07,6869.0
2024-10-31 09:15:01,"68,68","+0,07","(+0,10%)",09:14:07,6869.0
2024-10-31 09:15:12,"68,68","+0,07","(+0,10%)",09:14:07,6869.0
2024-10-31 09:15:12,"68,68","+0,07","(+0,10%)",09:14:07,6869.0
2024-10-31 09:15:24,"68,68","+0,07","(+0,10%)",09:14:07,6868.0
2024-10-31 09:15:24,"68,68","+0,07","(+0,10%)",09:14:07,6868.0
2024-10-31 09:15:35,"68,68","+0,07","(+0,10%)",09:14:07,6869.0
2024-10-31 09:15:35,"68,67","+0,06","(+0,09%)",09:14:50,6868.0
2024-10-31 09:15:46,"68,67","+0,06","(+0,09%)",09:14:50,6868.0
2024-10-31 09:15:46,"68,67","+0,06","(+0,09%)",09:14:50,6868.0
2024-10-31 09:15:57,"68,67","+0,06","(+0,09%)",09:14:50,6868.0
2024-10-31 09:16:04,"68,67","+0,06","(+0,09%)",09:14:50,6868.0
2024-10-31 09:16:08,"68,67","+0,06","(+0,09%)",09:14:50,6868.0
2024-10-31 09:16:15,"68,67","+0,06","(+0,09%)",09:14:50,6868.0
2024-10-31 09:16:19,"68,68","+0,07","(+0,10%)",09:14:07,6868.0
2024-10-31 09:16:27,"68,67","+0,06","(+0,09%)",09:14:50,6868.0
2024-10-31 09:16:31,"68,66","+0,05","(+0,07%)",09:16:07,6867.0
2024-10-31 09:16:40,"68,66","+0,05","(+0,07%)",09:16:07,6868.0
2024-10-31 09:16:42,"68,66","+0,05","(+0,07%)",09:16:07,6867.0
2024-10-31 09:16:51,"68,66","+0,05","(+0,07%)",09:16:07,6867.0
2024-10-31 09:16:54,"68,67","+0,06","(+0,09%)",09:14:50,6867.0
2024-10-31 09:17:01,"68,66","+0,05","(+0,07%)",09:16:07,6867.0
2024-10-31 09:17:05,"68,66","+0,05","(+0,07%)",09:16:07,6867.0
2024-10-31 09:17:12,"68,66","+0,05","(+0,07%)",09:16:07,6867.0
2024-10-31 09:17:19,"68,66","+0,05","(+0,07%)",09:16:07,6868.0
2024-10-31 09:17:23,"68,66","+0,05","(+0,07%)",09:16:07,6867.0
2024-10-31 09:17:30,"68,74","+0,13","(+0,19%)",09:08:14,6866.0
2024-10-31 09:17:39,"68,74","+0,13","(+0,19%)",09:08:14,6866.0
2024-10-31 09:17:41,"68,62","+0,01","(+0,01%)",09:17:03,6866.0
2024-10-31 09:17:52,"68,65","+0,04","(+0,06%)",09:16:22,6866.0
2024-10-31 09:17:59,"68,65","+0,04","(+0,06%)",09:16:22,6867.0
2024-10-31 09:18:03,"68,65","+0,04","(+0,06%)",09:16:22,6866.0
2024-10-31 09:18:10,"68,62","+0,01","(+0,01%)",09:17:03,6866.0
2024-10-31 09:18:20,"68,65","+0,04","(+0,06%)",09:16:22,6866.0
2024-10-31 09:18:21,"68,65","+0,04","(+0,06%)",09:16:22,6866.0
2024-10-31 09:18:31,"68,66","+0,05","(+0,07%)",09:16:07,6866.0
2024-10-31 09:18:32,"68,62","+0,01","(+0,01%)",09:17:03,6874.0
2024-10-31 09:18:42,"68,64","+0,03","(+0,04%)",09:17:32,6874.0
2024-10-31 09:18:44,"68,62","+0,01","(+0,01%)",09:17:03,6862.0
2024-10-31 09:18:59,"68,62","+0,01","(+0,01%)",09:18:21,6865.0
2024-10-31 09:18:59,"68,64","+0,03","(+0,04%)",09:17:32,6865.0
2024-10-31 09:19:10,"68,62","+0,01","(+0,01%)",09:18:21,6865.0
2024-10-31 09:19:10,"68,64","+0,03","(+0,04%)",09:17:32,6862.0
2024-10-31 09:19:21,"68,62","+0,01","(+0,01%)",09:18:21,6865.0
2024-10-31 09:19:21,"68,62","+0,01","(+0,01%)",09:18:21,6865.0
2024-10-31 09:19:32,"68,62","+0,01","(+0,01%)",09:18:21,6862.0
2024-10-31 09:19:32,"68,62","+0,01","(+0,01%)",09:18:29,6866.0
2024-10-31 09:19:44,"68,62","+0,01","(+0,01%)",09:18:21,6862.0
2024-10-31 09:19:44,"68,62","+0,01","(+0,01%)",09:18:21,6864.0
2024-10-31 09:19:55,"68,62","+0,01","(+0,01%)",09:18:21,6862.0
2024-10-31 09:19:55,"68,62","+0,01","(+0,01%)",09:18:21,6864.0
2024-10-31 09:20:07,"68,62","+0,01","(+0,01%)",09:18:29,6864.0
2024-10-31 09:20:07,"68,62","+0,01","(+0,01%)",09:18:29,6862.0
2024-10-31 09:20:18,"68,61","0,00","(0,00%)",09:18:58,6862.0
2024-10-31 09:20:18,"68,61","0,00","(0,00%)",09:18:58,6862.0
2024-10-31 09:20:28,"68,61","0,00","(0,00%)",09:18:58,6862.0
2024-10-31 09:20:29,"68,56","-0,05","(-0,07%)",09:19:33,6862.0
2024-10-31 09:20:40,"68,62","+0,01","(+0,01%)",09:18:29,6862.0
2024-10-31 09:20:41,"68,61","0,00","(0,00%)",09:18:58,6862.0
2024-10-31 09:20:52,"68,52","-0,09","(-0,13%)",09:20:24,6862.0
2024-10-31 09:20:53,"68,56","-0,05","(-0,07%)",09:19:33,6862.0
2024-10-31 09:21:03,"68,52","-0,09","(-0,13%)",09:20:24,6862.0
2024-10-31 09:21:04,"68,56","-0,05","(-0,07%)",09:19:33,6862.0
2024-10-31 09:21:14,"68,52","-0,09","(-0,13%)",09:20:24,6861.0
2024-10-31 09:21:15,"68,52","-0,09","(-0,13%)",09:20:24,6861.0
2024-10-31 09:21:25,"68,52","-0,09","(-0,13%)",09:20:24,6861.0
2024-10-31 09:21:32,"68,52","-0,09","(-0,13%)",09:20:24,6856.0
2024-10-31 09:21:36,"68,52","-0,09","(-0,13%)",09:20:24,6862.0
2024-10-31 09:21:43,"68,52","-0,09","(-0,13%)",09:20:24,6861.0
2024-10-31 09:21:48,"68,56","-0,05","(-0,07%)",09:20:09,6852.0
2024-10-31 09:21:53,"68,56","-0,05","(-0,07%)",09:21:08,6856.0
2024-10-31 09:22:06,"68,56","-0,05","(-0,07%)",09:21:08,6856.0
2024-10-31 09:22:08,"68,52","-0,09","(-0,13%)",09:20:24,6852.0
2024-10-31 09:22:18,"68,56","-0,05","(-0,07%)",09:21:08,6852.0
2024-10-31 09:22:20,"68,56","-0,05","(-0,07%)",09:21:08,6852.0
2024-10-31 09:22:32,"68,56","-0,05","(-0,07%)",09:21:08,6852.0
2024-10-31 09:22:32,"68,56","-0,05","(-0,07%)",09:21:08,6852.0
2024-10-31 09:22:44,"68,56","-0,05","(-0,07%)",09:21:08,6852.0
2024-10-31 09:22:44,"68,56","-0,05","(-0,07%)",09:21:08,6852.0
2024-10-31 09:22:56,"68,56","-0,05","(-0,07%)",09:21:08,6856.0
2024-10-31 09:22:56,"68,56","-0,05","(-0,07%)",09:21:08,6856.0
2024-10-31 09:23:07,"68,56","-0,05","(-0,07%)",09:21:08,6852.0
2024-10-31 09:23:07,"68,54","-0,07","(-0,10%)",09:22:27,6856.0
2024-10-31 09:23:18,"68,54","-0,07","(-0,10%)",09:22:27,6856.0
2024-10-31 09:23:19,"68,54","-0,07","(-0,10%)",09:22:27,6856.0
2024-10-31 09:23:29,"68,54","-0,07","(-0,10%)",09:22:27,6856.0
2024-10-31 09:23:30,"68,54","-0,07","(-0,10%)",09:22:27,6856.0
2024-10-31 09:23:41,"68,54","-0,07","(-0,10%)",09:22:27,6856.0
2024-10-31 09:23:42,"68,54","-0,07","(-0,10%)",09:22:27,6856.0
2024-10-31 09:23:53,"68,54","-0,07","(-0,10%)",09:22:27,6856.0
2024-10-31 09:23:54,"68,54","-0,07","(-0,10%)",09:22:27,6856.0
2024-10-31 09:24:04,"68,50","-0,11","(-0,16%)",09:23:23,6854.0
2024-10-31 09:24:05,"68,50","-0,11","(-0,16%)",09:23:23,6856.0
2024-10-31 09:24:15,"68,54","-0,07","(-0,10%)",09:22:27,6854.0
2024-10-31 09:24:16,"68,54","-0,07","(-0,10%)",09:22:27,6854.0
2024-10-31 09:24:26,"68,50","-0,11","(-0,16%)",09:23:23,6854.0
2024-10-31 09:24:27,"68,50","-0,11","(-0,16%)",09:23:23,6854.0
2024-10-31 09:24:37,"68,50","-0,11","(-0,16%)",09:23:23,6854.0
2024-10-31 09:24:37,"68,50","-0,11","(-0,16%)",09:23:23,6854.0
2024-10-31 09:24:48,"68,50","-0,11","(-0,16%)",09:23:23,6854.0
2024-10-31 09:24:48,"68,50","-0,11","(-0,16%)",09:23:23,6854.0
2024-10-31 09:24:58,"68,50","-0,11","(-0,16%)",09:24:19,6850.0
2024-10-31 09:24:58,"68,50","-0,11","(-0,16%)",09:23:23,6850.0
2024-10-31 09:25:10,"68,56","-0,05","(-0,07%)",09:21:40,6854.0
2024-10-31 09:25:10,"68,56","-0,05","(-0,07%)",09:21:40,6854.0
2024-10-31 09:25:20,"68,50","-0,11","(-0,16%)",09:24:19,6850.0
2024-10-31 09:25:20,"68,50","-0,11","(-0,16%)",09:24:19,6850.0
2024-10-31 09:25:31,"68,50","-0,11","(-0,16%)",09:24:19,6850.0
2024-10-31 09:25:42,"68,50","-0,11","(-0,16%)",09:24:19,6850.0
2024-10-31 09:25:42,"68,50","-0,11","(-0,16%)",09:24:19,6850.0
2024-10-31 09:25:52,"68,46","-0,15","(-0,22%)",09:25:18,6850.0
2024-10-31 09:25:52,"68,46","-0,15","(-0,22%)",09:25:18,6850.0
2024-10-31 09:26:04,"68,46","-0,15","(-0,22%)",09:25:18,6856.0
2024-10-31 09:26:14,"68,50","-0,11","(-0,16%)",09:24:19,6850.0
2024-10-31 09:26:15,"68,56","-0,05","(-0,07%)",09:19:33,6850.0
2024-10-31 09:26:25,"68,46","-0,15","(-0,22%)",09:25:18,6850.0
2024-10-31 09:26:26,"68,46","-0,15","(-0,22%)",09:25:18,6850.0
2024-10-31 09:26:36,"68,46","-0,15","(-0,22%)",09:25:18,6850.0
2024-10-31 09:26:37,"68,46","-0,15","(-0,22%)",09:25:18,6850.0
2024-10-31 09:26:47,"68,46","-0,15","(-0,22%)",09:25:18,6846.0
2024-10-31 09:26:48,"68,41","-0,20","(-0,29%)",09:26:04,6846.0
2024-10-31 09:26:57,"68,41","-0,20","(-0,29%)",09:26:04,6846.0
2024-10-31 09:26:59,"68,41","-0,20","(-0,29%)",09:26:04,6846.0
2024-10-31 09:27:08,"68,41","-0,20","(-0,29%)",09:26:04,6850.0
2024-10-31 09:27:09,"68,46","-0,15","(-0,22%)",09:25:18,6856.0
2024-10-31 09:27:19,"68,41","-0,20","(-0,29%)",09:26:04,6846.0
2024-10-31 09:27:20,"68,41","-0,20","(-0,29%)",09:26:04,6846.0
2024-10-31 09:27:29,"68,41","-0,20","(-0,29%)",09:26:04,6846.0
2024-10-31 09:27:31,"68,41","-0,20","(-0,29%)",09:26:04,6846.0
2024-10-31 09:27:40,"68,41","-0,20","(-0,29%)",09:26:04,6846.0
2024-10-31 09:27:42,"68,41","-0,20","(-0,29%)",09:26:04,6841.0
2024-10-31 09:27:51,"68,41","-0,20","(-0,29%)",09:26:04,6841.0
2024-10-31 09:27:53,"68,41","-0,20","(-0,29%)",09:26:04,6841.0
2024-10-31 09:28:02,"68,41","-0,20","(-0,29%)",09:27:28,6841.0
2024-10-31 09:28:03,"68,41","-0,20","(-0,29%)",09:27:28,6846.0
2024-10-31 09:28:13,"68,41","-0,20","(-0,29%)",09:27:28,6841.0
2024-10-31 09:28:14,"68,41","-0,20","(-0,29%)",09:27:28,6841.0
2024-10-31 09:28:23,"68,41","-0,20","(-0,29%)",09:27:28,6841.0
2024-10-31 09:28:24,"68,41","-0,20","(-0,29%)",09:27:28,6841.0
2024-10-31 09:28:34,"68,41","-0,20","(-0,29%)",09:27:28,6841.0
2024-10-31 09:28:35,"68,41","-0,20","(-0,29%)",09:27:28,6841.0
2024-10-31 09:28:45,"68,41","-0,20","(-0,29%)",09:27:28,6841.0
2024-10-31 09:28:46,"68,41","-0,20","(-0,29%)",09:27:28,6841.0
2024-10-31 09:28:55,"68,41","-0,20","(-0,29%)",09:27:28,6841.0
2024-10-31 09:28:56,"68,41","-0,20","(-0,29%)",09:27:28,6841.0
2024-10-31 09:29:06,"68,39","-0,22","(-0,32%)",09:28:29,6841.0
2024-10-31 09:29:07,"68,39","-0,22","(-0,32%)",09:28:29,6841.0
2024-10-31 09:29:17,"68,39","-0,22","(-0,32%)",09:28:29,6841.0
2024-10-31 09:29:18,"68,39","-0,22","(-0,32%)",09:28:29,6841.0
2024-10-31 09:29:27,"68,39","-0,22","(-0,32%)",09:28:29,6841.0
2024-10-31 09:29:28,"68,39","-0,22","(-0,32%)",09:28:29,6841.0
2024-10-31 09:29:38,"68,39","-0,22","(-0,32%)",09:28:29,6841.0
2024-10-31 09:29:39,"68,33","-0,28","(-0,41%)",09:29:25,6841.0
2024-10-31 09:29:49,"68,33","-0,28","(-0,41%)",09:29:25,6841.0
2024-10-31 09:29:50,"68,33","-0,28","(-0,41%)",09:29:25,6841.0
2024-10-31 09:30:00,"68,33","-0,28","(-0,41%)",09:29:25,6839.0
2024-10-31 09:30:01,"68,39","-0,22","(-0,32%)",09:28:29,6839.0
2024-10-31 09:30:11,"68,47","-0,14","(-0,20%)",09:25:28,6839.0
2024-10-31 09:30:11,"68,33","-0,28","(-0,41%)",09:29:25,6839.0
2024-10-31 09:30:22,"68,47","-0,14","(-0,20%)",09:24:24,6839.0
2024-10-31 09:30:23,"68,32","-0,29","(-0,42%)",09:29:28,6839.0
2024-10-31 09:30:33,"68,33","-0,28","(-0,41%)",09:29:25,6839.0
2024-10-31 09:30:33,"68,33","-0,28","(-0,41%)",09:29:25,6833.0
2024-10-31 09:30:43,"68,33","-0,28","(-0,41%)",09:29:25,6833.0
2024-10-31 09:30:44,"68,32","-0,29","(-0,42%)",09:29:28,6833.0
2024-10-31 09:30:55,"68,32","-0,29","(-0,42%)",09:29:28,6833.0
2024-10-31 09:30:56,"68,39","-0,22","(-0,32%)",09:30:22,6839.0
2024-10-31 09:31:06,"68,33","-0,28","(-0,41%)",09:29:25,6847.0
2024-10-31 09:31:06,"68,39","-0,22","(-0,32%)",09:30:22,6833.0
2024-10-31 09:31:16,"68,39","-0,22","(-0,32%)",09:30:22,6847.0
2024-10-31 09:31:17,"68,39","-0,22","(-0,32%)",09:30:22,6832.0
2024-10-31 09:31:27,"68,39","-0,22","(-0,32%)",09:30:22,6833.0
2024-10-31 09:31:28,"68,39","-0,22","(-0,32%)",09:30:22,6833.0
2024-10-31 09:31:38,"68,39","-0,22","(-0,32%)",09:30:22,6833.0
2024-10-31 09:31:39,"68,39","-0,22","(-0,32%)",09:30:22,6832.0
2024-10-31 09:31:48,"68,44","-0,17","(-0,25%)",09:31:17,6832.0
2024-10-31 09:31:49,"68,39","-0,22","(-0,32%)",09:30:22,6839.0
2024-10-31 09:31:59,"68,44","-0,17","(-0,25%)",09:31:17,6833.0
2024-10-31 09:32:00,"68,44","-0,17","(-0,25%)",09:31:17,6839.0
2024-10-31 09:32:10,"68,44","-0,17","(-0,25%)",09:31:17,6839.0
2024-10-31 09:32:11,"68,44","-0,17","(-0,25%)",09:31:17,6839.0
2024-10-31 09:32:21,"68,44","-0,17","(-0,25%)",09:31:17,6839.0
2024-10-31 09:32:21,"68,44","-0,17","(-0,25%)",09:31:17,6839.0
2024-10-31 09:32:31,"68,44","-0,17","(-0,25%)",09:31:17,6839.0
2024-10-31 09:32:32,"68,44","-0,17","(-0,25%)",09:31:17,6839.0
2024-10-31 09:32:42,"68,44","-0,17","(-0,25%)",09:31:17,6844.0
2024-10-31 09:32:43,"68,44","-0,17","(-0,25%)",09:31:17,6839.0
2024-10-31 09:32:53,"68,50","-0,11","(-0,16%)",09:32:09,6844.0
2024-10-31 09:32:53,"68,50","-0,11","(-0,16%)",09:32:09,6844.0
2024-10-31 09:33:04,"68,50","-0,11","(-0,16%)",09:32:09,6844.0
2024-10-31 09:33:04,"68,50","-0,11","(-0,16%)",09:32:09,6844.0
2024-10-31 09:33:14,"68,44","-0,17","(-0,25%)",09:31:17,6844.0
2024-10-31 09:33:15,"68,50","-0,11","(-0,16%)",09:32:09,6844.0
2024-10-31 09:33:25,"68,50","-0,11","(-0,16%)",09:32:09,6844.0
2024-10-31 09:33:25,"68,50","-0,11","(-0,16%)",09:32:09,6844.0
2024-10-31 09:33:36,"68,50","-0,11","(-0,16%)",09:32:09,6844.0
2024-10-31 09:33:36,"68,50","-0,11","(-0,16%)",09:32:09,6844.0
2024-10-31 09:33:47,"68,50","-0,11","(-0,16%)",09:32:09,6850.0
2024-10-31 09:33:47,"68,50","-0,11","(-0,16%)",09:32:09,6850.0
2024-10-31 09:33:58,"68,50","-0,11","(-0,16%)",09:32:09,6850.0
2024-10-31 09:33:58,"68,50","-0,11","(-0,16%)",09:32:09,6850.0
2024-10-31 09:34:08,"68,47","-0,14","(-0,20%)",09:33:07,6850.0
2024-10-31 09:34:08,"68,47","-0,14","(-0,20%)",09:33:07,6844.0
2024-10-31 09:34:19,"68,47","-0,14","(-0,20%)",09:33:07,6850.0
2024-10-31 09:34:20,"68,47","-0,14","(-0,20%)",09:33:07,6850.0
2024-10-31 09:34:30,"68,47","-0,14","(-0,20%)",09:33:07,6850.0
2024-10-31 09:34:31,"68,47","-0,14","(-0,20%)",09:33:07,6850.0
2024-10-31 09:34:41,"68,47","-0,14","(-0,20%)",09:33:07,6850.0
2024-10-31 09:34:41,"68,47","-0,14","(-0,20%)",09:33:07,6850.0
2024-10-31 09:34:52,"68,47","-0,14","(-0,20%)",09:33:07,6850.0
2024-10-31 09:34:52,"68,47","-0,14","(-0,20%)",09:33:07,6850.0
2024-10-31 09:35:03,"68,47","-0,14","(-0,20%)",09:33:07,6847.0
2024-10-31 09:35:03,"68,47","-0,14","(-0,20%)",09:33:07,6847.0
2024-10-31 09:35:14,"68,44","-0,17","(-0,25%)",09:34:26,6847.0
2024-10-31 09:35:14,"68,44","-0,17","(-0,25%)",09:34:26,6847.0
2024-10-31 09:35:25,"68,44","-0,17","(-0,25%)",09:34:26,6847.0
2024-10-31 09:35:25,"68,44","-0,17","(-0,25%)",09:34:26,6847.0
2024-10-31 09:35:36,"68,44","-0,17","(-0,25%)",09:34:26,6847.0
2024-10-31 09:35:36,"68,44","-0,17","(-0,25%)",09:34:26,6847.0
2024-10-31 09:35:47,"68,47","-0,14","(-0,20%)",09:35:29,6847.0
2024-10-31 09:35:47,"68,47","-0,14","(-0,20%)",09:35:29,6847.0
2024-10-31 09:35:57,"68,47","-0,14","(-0,20%)",09:35:29,6847.0
2024-10-31 09:35:58,"68,47","-0,14","(-0,20%)",09:35:29,6847.0
2024-10-31 09:36:08,"68,47","-0,14","(-0,20%)",09:35:29,6844.0
2024-10-31 09:36:09,"68,47","-0,14","(-0,20%)",09:35:29,6844.0
2024-10-31 09:36:19,"68,47","-0,14","(-0,20%)",09:35:29,6844.0
2024-10-31 09:36:19,"68,44","-0,17","(-0,25%)",09:34:26,6844.0
2024-10-31 09:36:29,"68,47","-0,14","(-0,20%)",09:35:29,6844.0
2024-10-31 09:36:30,"68,47","-0,14","(-0,20%)",09:35:29,6844.0
2024-10-31 09:36:41,"68,47","-0,14","(-0,20%)",09:35:29,6847.0
2024-10-31 09:36:42,"68,41","-0,20","(-0,29%)",09:36:17,6847.0
2024-10-31 09:36:51,"68,47","-0,14","(-0,20%)",09:35:29,6847.0
2024-10-31 09:36:52,"68,41","-0,20","(-0,29%)",09:36:17,6847.0
2024-10-31 09:37:02,"68,41","-0,20","(-0,29%)",09:36:17,6847.0
2024-10-31 09:37:03,"68,41","-0,20","(-0,29%)",09:36:17,6847.0
2024-10-31 09:37:13,"68,41","-0,20","(-0,29%)",09:36:17,6847.0
2024-10-31 09:37:14,"68,41","-0,20","(-0,29%)",09:36:17,6844.0
2024-10-31 09:37:23,"68,41","-0,20","(-0,29%)",09:36:17,6847.0
2024-10-31 09:37:24,"68,41","-0,20","(-0,29%)",09:36:17,6847.0
2024-10-31 09:37:35,"68,41","-0,20","(-0,29%)",09:36:17,6847.0
2024-10-31 09:37:35,"68,41","-0,20","(-0,29%)",09:36:17,6841.0
2024-10-31 09:37:46,"68,41","-0,20","(-0,29%)",09:36:17,6847.0
2024-10-31 09:37:46,"68,41","-0,20","(-0,29%)",09:36:17,6841.0
2024-10-31 09:37:57,"68,41","-0,20","(-0,29%)",09:36:17,6841.0
2024-10-31 09:37:57,"68,41","-0,20","(-0,29%)",09:36:17,6841.0
2024-10-31 09:38:07,"68,36","-0,25","(-0,36%)",09:37:32,6841.0
2024-10-31 09:38:07,"68,36","-0,25","(-0,36%)",09:37:32,6841.0
2024-10-31 09:38:18,"68,36","-0,25","(-0,36%)",09:37:32,6841.0
2024-10-31 09:38:18,"68,36","-0,25","(-0,36%)",09:37:32,6841.0
2024-10-31 09:38:29,"68,36","-0,25","(-0,36%)",09:37:32,6841.0
2024-10-31 09:38:29,"68,36","-0,25","(-0,36%)",09:37:32,6841.0
2024-10-31 09:38:39,"68,36","-0,25","(-0,36%)",09:37:32,6841.0
2024-10-31 09:38:39,"68,36","-0,25","(-0,36%)",09:37:32,6841.0
2024-10-31 09:38:50,"68,36","-0,25","(-0,36%)",09:37:32,6841.0
2024-10-31 09:38:50,"68,36","-0,25","(-0,36%)",09:37:32,6841.0
2024-10-31 09:39:01,"68,36","-0,25","(-0,36%)",09:37:32,6836.0
2024-10-31 09:39:01,"68,36","-0,25","(-0,36%)",09:37:32,6836.0
2024-10-31 09:39:11,"68,52","-0,09","(-0,13%)",09:38:33,6836.0
2024-10-31 09:39:12,"68,52","-0,09","(-0,13%)",09:38:33,6836.0
2024-10-31 09:39:22,"68,52","-0,09","(-0,13%)",09:38:33,6836.0
2024-10-31 09:39:22,"68,52","-0,09","(-0,13%)",09:38:33,6836.0
2024-10-31 09:39:33,"68,52","-0,09","(-0,13%)",09:38:33,6836.0
2024-10-31 09:39:33,"68,52","-0,09","(-0,13%)",09:38:33,6836.0
2024-10-31 09:39:44,"68,52","-0,09","(-0,13%)",09:38:33,6836.0
2024-10-31 09:39:44,"68,52","-0,09","(-0,13%)",09:38:33,6836.0
2024-10-31 09:39:54,"68,52","-0,09","(-0,13%)",09:38:33,6836.0
2024-10-31 09:39:55,"68,52","-0,09","(-0,13%)",09:38:33,6836.0
2024-10-31 09:40:05,"68,52","-0,09","(-0,13%)",09:38:33,6852.0
2024-10-31 09:40:05,"68,52","-0,09","(-0,13%)",09:38:33,6852.0
2024-10-31 09:40:16,"68,52","-0,09","(-0,13%)",09:38:33,6852.0
2024-10-31 09:40:16,"68,53","-0,08","(-0,12%)",09:39:13,6852.0
2024-10-31 09:40:26,"68,53","-0,08","(-0,12%)",09:39:13,6852.0
2024-10-31 09:40:27,"68,53","-0,08","(-0,12%)",09:39:13,6852.0
2024-10-31 09:40:37,"68,53","-0,08","(-0,12%)",09:39:13,6852.0
2024-10-31 09:40:38,"68,53","-0,08","(-0,12%)",09:39:13,6852.0
2024-10-31 09:40:48,"68,53","-0,08","(-0,12%)",09:39:13,6852.0
2024-10-31 09:40:48,"68,53","-0,08","(-0,12%)",09:39:13,6852.0
2024-10-31 09:40:59,"68,53","-0,08","(-0,12%)",09:39:13,6852.0
2024-10-31 09:40:59,"68,53","-0,08","(-0,12%)",09:39:13,6852.0
2024-10-31 09:41:10,"68,53","-0,08","(-0,12%)",09:39:13,6853.0
2024-10-31 09:41:10,"68,53","-0,08","(-0,12%)",09:39:13,6852.0
2024-10-31 09:41:20,"68,53","-0,08","(-0,12%)",09:40:09,6853.0
2024-10-31 09:41:21,"68,53","-0,08","(-0,12%)",09:40:09,6853.0
2024-10-31 09:41:31,"68,53","-0,08","(-0,12%)",09:40:09,6853.0
2024-10-31 09:41:31,"68,53","-0,08","(-0,12%)",09:40:09,6853.0
2024-10-31 09:41:42,"68,53","-0,08","(-0,12%)",09:40:09,6853.0
2024-10-31 09:41:42,"68,53","-0,08","(-0,12%)",09:40:09,6853.0
2024-10-31 09:41:53,"68,56","-0,05","(-0,07%)",09:41:29,6853.0
2024-10-31 09:41:53,"68,56","-0,05","(-0,07%)",09:41:29,6853.0
2024-10-31 09:42:03,"68,56","-0,05","(-0,07%)",09:41:29,6853.0
2024-10-31 09:42:04,"68,56","-0,05","(-0,07%)",09:41:29,6853.0
2024-10-31 09:42:14,"68,56","-0,05","(-0,07%)",09:41:29,6853.0
2024-10-31 09:42:14,"68,53","-0,08","(-0,12%)",09:40:09,6853.0
2024-10-31 09:42:25,"68,56","-0,05","(-0,07%)",09:41:29,6853.0
2024-10-31 09:42:25,"68,56","-0,05","(-0,07%)",09:41:29,6853.0
2024-10-31 09:42:36,"68,56","-0,05","(-0,07%)",09:41:29,6853.0
2024-10-31 09:42:36,"68,56","-0,05","(-0,07%)",09:41:29,6853.0
2024-10-31 09:42:46,"68,56","-0,05","(-0,07%)",09:41:29,6856.0
2024-10-31 09:42:47,"68,56","-0,05","(-0,07%)",09:41:29,6856.0
2024-10-31 09:42:57,"68,56","-0,05","(-0,07%)",09:42:24,6856.0
2024-10-31 09:42:58,"68,56","-0,05","(-0,07%)",09:42:24,6856.0
2024-10-31 09:43:08,"68,56","-0,05","(-0,07%)",09:42:24,6856.0
2024-10-31 09:43:08,"68,56","-0,05","(-0,07%)",09:41:29,6853.0
2024-10-31 09:43:18,"68,56","-0,05","(-0,07%)",09:42:24,6856.0
2024-10-31 09:43:19,"68,56","-0,05","(-0,07%)",09:42:24,6856.0
2024-10-31 09:43:29,"68,56","-0,05","(-0,07%)",09:42:24,6856.0
2024-10-31 09:43:30,"68,56","-0,05","(-0,07%)",09:42:24,6856.0
2024-10-31 09:43:40,"68,56","-0,05","(-0,07%)",09:42:24,6856.0
2024-10-31 09:43:41,"68,56","-0,05","(-0,07%)",09:42:24,6856.0
2024-10-31 09:43:51,"68,56","-0,05","(-0,07%)",09:42:24,6856.0
2024-10-31 09:43:52,"68,56","-0,05","(-0,07%)",09:42:24,6856.0
2024-10-31 09:44:02,"68,56","-0,05","(-0,07%)",09:42:24,6856.0
2024-10-31 09:44:03,"68,56","-0,05","(-0,07%)",09:42:24,6856.0
2024-10-31 09:44:13,"68,56","-0,05","(-0,07%)",09:42:24,6856.0
2024-10-31 09:44:14,"68,55","-0,06","(-0,09%)",09:43:12,6856.0
2024-10-31 09:44:23,"68,55","-0,06","(-0,09%)",09:43:12,6856.0
2024-10-31 09:44:25,"68,56","-0,05","(-0,07%)",09:42:24,6856.0
2024-10-31 09:44:35,"68,55","-0,06","(-0,09%)",09:43:12,6856.0
2024-10-31 09:44:36,"68,55","-0,06","(-0,09%)",09:43:12,6856.0
2024-10-31 09:44:46,"68,55","-0,06","(-0,09%)",09:43:12,6856.0
2024-10-31 09:44:47,"68,48","-0,13","(-0,19%)",09:44:24,6856.0
2024-10-31 09:44:57,"68,48","-0,13","(-0,19%)",09:44:24,6856.0
2024-10-31 09:44:58,"68,48","-0,13","(-0,19%)",09:44:24,6856.0
2024-10-31 09:45:07,"68,48","-0,13","(-0,19%)",09:44:24,6856.0
2024-10-31 09:45:09,"68,55","-0,06","(-0,09%)",09:43:12,6855.0
2024-10-31 09:45:18,"68,48","-0,13","(-0,19%)",09:44:24,6855.0
2024-10-31 09:45:20,"68,48","-0,13","(-0,19%)",09:44:24,6856.0
2024-10-31 09:45:29,"68,48","-0,13","(-0,19%)",09:44:24,6855.0
2024-10-31 09:45:31,"68,48","-0,13","(-0,19%)",09:44:24,6855.0
2024-10-31 09:45:40,"68,48","-0,13","(-0,19%)",09:44:24,6855.0
2024-10-31 09:45:42,"68,48","-0,13","(-0,19%)",09:44:24,6848.0
2024-10-31 09:45:50,"68,48","-0,13","(-0,19%)",09:44:24,6848.0
2024-10-31 09:45:53,"68,48","-0,13","(-0,19%)",09:44:24,6848.0
2024-10-31 09:46:01,"68,51","-0,10","(-0,15%)",09:45:21,6848.0
2024-10-31 09:46:03,"68,51","-0,10","(-0,15%)",09:45:21,6855.0
2024-10-31 09:46:12,"68,51","-0,10","(-0,15%)",09:45:21,6848.0
2024-10-31 09:46:14,"68,51","-0,10","(-0,15%)",09:45:21,6848.0
2024-10-31 09:46:23,"68,51","-0,10","(-0,15%)",09:45:21,6848.0
2024-10-31 09:46:25,"68,48","-0,13","(-0,19%)",09:44:24,6848.0
2024-10-31 09:46:33,"68,51","-0,10","(-0,15%)",09:45:21,6848.0
2024-10-31 09:46:36,"68,51","-0,10","(-0,15%)",09:45:21,6848.0
2024-10-31 09:46:44,"68,51","-0,10","(-0,15%)",09:45:21,6848.0
2024-10-31 09:46:46,"68,51","-0,10","(-0,15%)",09:45:21,6848.0
2024-10-31 09:46:55,"68,51","-0,10","(-0,15%)",09:45:21,6851.0
2024-10-31 09:46:57,"68,51","-0,10","(-0,15%)",09:45:21,6851.0
2024-10-31 09:47:05,"68,51","-0,10","(-0,15%)",09:45:21,6851.0
2024-10-31 09:47:08,"68,53","-0,08","(-0,12%)",09:46:39,6851.0
2024-10-31 09:47:16,"68,53","-0,08","(-0,12%)",09:46:39,6851.0
2024-10-31 09:47:18,"68,51","-0,10","(-0,15%)",09:45:21,6848.0
2024-10-31 09:47:27,"68,53","-0,08","(-0,12%)",09:46:39,6851.0
2024-10-31 09:47:29,"68,53","-0,08","(-0,12%)",09:46:39,6851.0
2024-10-31 09:47:38,"68,32","-0,29","(-0,42%)",09:29:28,6851.0
2024-10-31 09:47:41,"68,53","-0,08","(-0,12%)",09:46:39,6851.0
2024-10-31 09:47:49,"68,53","-0,08","(-0,12%)",09:46:39,6851.0
2024-10-31 09:47:53,"68,39","-0,22","(-0,32%)",09:30:22,6851.0
2024-10-31 09:47:59,"68,56","-0,05","(-0,07%)",09:47:31,6851.0
2024-10-31 09:48:04,"68,53","-0,08","(-0,12%)",09:46:39,6853.0
2024-10-31 09:48:10,"68,56","-0,05","(-0,07%)",09:47:31,6853.0
2024-10-31 09:48:15,"68,56","-0,05","(-0,07%)",09:47:31,6851.0
2024-10-31 09:48:21,"68,56","-0,05","(-0,07%)",09:47:31,6853.0
2024-10-31 09:48:26,"68,56","-0,05","(-0,07%)",09:47:31,6853.0
2024-10-31 09:48:31,"68,56","-0,05","(-0,07%)",09:47:31,6832.0
2024-10-31 09:48:37,"68,56","-0,05","(-0,07%)",09:47:31,6853.0
2024-10-31 09:48:42,"68,56","-0,05","(-0,07%)",09:47:31,6853.0
2024-10-31 09:48:48,"68,56","-0,05","(-0,07%)",09:47:31,6839.0
2024-10-31 09:48:53,"68,56","-0,05","(-0,07%)",09:47:31,6856.0
2024-10-31 09:48:58,"68,56","-0,05","(-0,07%)",09:47:31,6853.0
2024-10-31 09:49:04,"68,55","-0,06","(-0,09%)",09:48:24,6856.0
2024-10-31 09:49:09,"68,55","-0,06","(-0,09%)",09:48:24,6856.0
2024-10-31 09:49:15,"68,55","-0,06","(-0,09%)",09:48:24,6856.0
2024-10-31 09:49:20,"68,55","-0,06","(-0,09%)",09:48:24,6856.0
2024-10-31 09:49:26,"68,55","-0,06","(-0,09%)",09:48:24,6856.0
2024-10-31 09:49:31,"68,55","-0,06","(-0,09%)",09:48:24,6856.0
2024-10-31 09:49:37,"68,55","-0,06","(-0,09%)",09:48:24,6856.0
2024-10-31 09:49:42,"68,55","-0,06","(-0,09%)",09:48:24,6856.0
2024-10-31 09:49:48,"68,55","-0,06","(-0,09%)",09:48:24,6856.0
2024-10-31 09:49:53,"68,55","-0,06","(-0,09%)",09:48:24,6856.0
2024-10-31 09:49:58,"68,55","-0,06","(-0,09%)",09:48:24,6855.0
2024-10-31 09:50:03,"68,55","-0,06","(-0,09%)",09:48:24,6855.0
2024-10-31 09:50:09,"68,56","-0,05","(-0,07%)",09:49:19,6855.0
2024-10-31 09:50:14,"68,56","-0,05","(-0,07%)",09:49:19,6855.0
2024-10-31 09:50:20,"68,55","-0,06","(-0,09%)",09:48:24,6855.0
2024-10-31 09:50:25,"68,56","-0,05","(-0,07%)",09:49:19,6855.0
2024-10-31 09:50:31,"68,56","-0,05","(-0,07%)",09:49:19,6855.0
2024-10-31 09:50:35,"68,56","-0,05","(-0,07%)",09:49:19,6855.0
2024-10-31 09:50:41,"68,56","-0,05","(-0,07%)",09:49:19,6855.0
2024-10-31 09:50:46,"68,56","-0,05","(-0,07%)",09:49:19,6855.0
2024-10-31 09:50:52,"68,56","-0,05","(-0,07%)",09:49:19,6855.0
2024-10-31 09:50:57,"68,54","-0,07","(-0,10%)",09:50:26,6855.0
2024-10-31 09:51:03,"68,54","-0,07","(-0,10%)",09:50:26,6856.0
2024-10-31 09:51:07,"68,54","-0,07","(-0,10%)",09:50:26,6856.0
2024-10-31 09:51:14,"68,54","-0,07","(-0,10%)",09:50:26,6855.0
2024-10-31 09:51:18,"68,54","-0,07","(-0,10%)",09:50:26,6856.0
2024-10-31 09:51:24,"68,54","-0,07","(-0,10%)",09:50:26,6856.0
2024-10-31 09:51:29,"68,54","-0,07","(-0,10%)",09:50:26,6856.0
2024-10-31 09:51:35,"68,54","-0,07","(-0,10%)",09:50:26,6856.0
2024-10-31 09:51:40,"68,56","-0,05","(-0,07%)",09:49:19,6856.0
2024-10-31 09:51:46,"68,54","-0,07","(-0,10%)",09:50:26,6856.0
2024-10-31 09:51:51,"68,54","-0,07","(-0,10%)",09:50:26,6854.0
2024-10-31 09:51:56,"68,54","-0,07","(-0,10%)",09:50:26,6854.0
2024-10-31 09:52:01,"68,57","-0,04","(-0,06%)",09:51:43,6854.0
2024-10-31 09:52:07,"68,57","-0,04","(-0,06%)",09:51:43,6854.0
2024-10-31 09:52:12,"68,57","-0,04","(-0,06%)",09:51:43,6854.0
2024-10-31 09:52:18,"68,57","-0,04","(-0,06%)",09:51:43,6854.0
2024-10-31 09:52:24,"68,54","-0,07","(-0,10%)",09:50:26,6854.0
2024-10-31 09:52:29,"68,57","-0,04","(-0,06%)",09:51:43,6854.0
2024-10-31 09:52:35,"68,57","-0,04","(-0,06%)",09:51:43,6856.0
2024-10-31 09:52:39,"68,57","-0,04","(-0,06%)",09:51:43,6854.0
2024-10-31 09:52:45,"68,57","-0,04","(-0,06%)",09:51:43,6854.0
2024-10-31 09:52:50,"68,57","-0,04","(-0,06%)",09:51:43,6854.0
2024-10-31 09:52:56,"68,57","-0,04","(-0,06%)",09:51:43,6857.0
2024-10-31 09:53:01,"68,57","-0,04","(-0,06%)",09:51:43,6857.0
2024-10-31 09:53:07,"68,72","+0,11","(+0,16%)",09:52:34,6857.0
2024-10-31 09:53:11,"68,72","+0,11","(+0,16%)",09:52:34,6857.0
2024-10-31 09:53:17,"68,72","+0,11","(+0,16%)",09:52:34,6854.0
2024-10-31 09:53:22,"68,72","+0,11","(+0,16%)",09:52:34,6857.0
2024-10-31 09:53:28,"68,72","+0,11","(+0,16%)",09:52:34,6857.0
2024-10-31 09:53:33,"68,72","+0,11","(+0,16%)",09:52:34,6857.0
2024-10-31 09:53:39,"68,72","+0,11","(+0,16%)",09:52:34,6857.0
2024-10-31 09:53:43,"68,72","+0,11","(+0,16%)",09:52:34,6857.0
2024-10-31 09:53:50,"68,72","+0,11","(+0,16%)",09:52:34,6857.0
2024-10-31 09:53:54,"68,72","+0,11","(+0,16%)",09:52:34,6857.0
2024-10-31 09:54:00,"68,72","+0,11","(+0,16%)",09:52:34,6872.0
2024-10-31 09:54:05,"68,72","+0,11","(+0,16%)",09:52:34,6872.0
2024-10-31 09:54:11,"68,75","+0,14","(+0,20%)",09:53:40,6872.0
2024-10-31 09:54:15,"68,75","+0,14","(+0,20%)",09:53:40,6872.0
2024-10-31 09:54:22,"68,75","+0,14","(+0,20%)",09:53:40,6872.0
2024-10-31 09:54:27,"68,75","+0,14","(+0,20%)",09:53:40,6872.0
2024-10-31 09:54:33,"68,75","+0,14","(+0,20%)",09:53:40,6872.0
2024-10-31 09:54:38,"68,72","+0,11","(+0,16%)",09:52:34,6872.0
2024-10-31 09:54:43,"68,75","+0,14","(+0,20%)",09:53:40,6872.0
2024-10-31 09:54:48,"68,75","+0,14","(+0,20%)",09:53:40,6872.0
2024-10-31 09:54:54,"68,75","+0,14","(+0,20%)",09:53:40,6872.0
2024-10-31 09:54:59,"68,75","+0,14","(+0,20%)",09:53:40,6872.0
2024-10-31 09:55:05,"68,75","+0,14","(+0,20%)",09:53:40,6875.0
2024-10-31 09:55:10,"68,75","+0,14","(+0,20%)",09:53:40,6875.0
2024-10-31 09:55:16,"68,75","+0,14","(+0,20%)",09:53:40,6875.0
2024-10-31 09:55:21,"68,78","+0,17","(+0,25%)",09:54:37,6875.0
2024-10-31 09:55:27,"68,78","+0,17","(+0,25%)",09:54:37,6875.0
2024-10-31 09:55:31,"68,75","+0,14","(+0,20%)",09:53:40,6872.0
2024-10-31 09:55:38,"68,78","+0,17","(+0,25%)",09:54:37,6875.0
2024-10-31 09:55:43,"68,78","+0,17","(+0,25%)",09:54:37,6875.0
2024-10-31 09:55:50,"68,78","+0,17","(+0,25%)",09:54:37,6875.0
2024-10-31 09:55:54,"68,99","+0,38","(+0,55%)",07:38:10,6875.0
2024-10-31 09:56:01,"68,78","+0,17","(+0,25%)",09:54:37,6875.0
2024-10-31 09:56:04,"68,79","+0,18","(+0,26%)",09:55:40,6875.0
2024-10-31 09:56:12,"68,79","+0,18","(+0,26%)",09:55:40,6875.0
2024-10-31 09:56:15,"68,78","+0,17","(+0,25%)",09:54:37,6878.0
2024-10-31 09:56:23,"68,79","+0,18","(+0,26%)",09:55:40,6878.0
2024-10-31 09:56:26,"68,79","+0,18","(+0,26%)",09:55:40,6875.0
2024-10-31 09:56:33,"68,79","+0,18","(+0,26%)",09:55:40,6878.0
2024-10-31 09:56:37,"68,79","+0,18","(+0,26%)",09:55:40,6878.0
2024-10-31 09:56:44,"68,79","+0,18","(+0,26%)",09:55:40,6878.0
2024-10-31 09:56:48,"68,79","+0,18","(+0,26%)",09:55:40,6899.0
2024-10-31 09:56:55,"68,79","+0,18","(+0,26%)",09:55:40,6878.0
2024-10-31 09:56:59,"68,79","+0,18","(+0,26%)",09:55:40,6879.0
2024-10-31 09:57:06,"68,79","+0,18","(+0,26%)",09:55:40,6879.0
2024-10-31 09:57:09,"68,79","+0,18","(+0,26%)",09:55:40,6878.0
2024-10-31 09:57:16,"68,79","+0,18","(+0,26%)",09:55:40,6879.0
2024-10-31 09:57:20,"68,82","+0,21","(+0,31%)",09:56:32,6879.0
2024-10-31 09:57:27,"68,82","+0,21","(+0,31%)",09:56:32,6879.0
2024-10-31 09:57:31,"68,82","+0,21","(+0,31%)",09:56:32,6879.0
2024-10-31 09:57:38,"68,82","+0,21","(+0,31%)",09:56:32,6879.0
2024-10-31 09:57:41,"68,99","+0,38","(+0,55%)",07:38:10,6879.0
2024-10-31 09:57:49,"68,82","+0,21","(+0,31%)",09:56:32,6879.0
2024-10-31 09:57:52,"68,82","+0,21","(+0,31%)",09:56:32,6879.0
2024-10-31 09:58:00,"68,82","+0,21","(+0,31%)",09:56:32,6879.0
2024-10-31 09:58:03,"68,79","+0,18","(+0,26%)",09:55:40,6879.0
2024-10-31 09:58:10,"68,77","+0,16","(+0,23%)",09:57:44,6879.0
2024-10-31 09:58:13,"68,77","+0,16","(+0,23%)",09:57:44,6882.0
2024-10-31 09:58:21,"68,82","+0,21","(+0,31%)",09:56:32,6882.0
2024-10-31 09:58:24,"68,77","+0,16","(+0,23%)",09:57:44,6882.0
2024-10-31 09:58:32,"68,77","+0,16","(+0,23%)",09:57:44,6882.0
2024-10-31 09:58:35,"68,77","+0,16","(+0,23%)",09:57:44,6899.0
2024-10-31 09:58:43,"68,77","+0,16","(+0,23%)",09:57:44,6882.0
2024-10-31 09:58:46,"68,77","+0,16","(+0,23%)",09:57:44,6882.0
2024-10-31 09:58:54,"68,77","+0,16","(+0,23%)",09:57:44,6882.0
2024-10-31 09:58:56,"68,77","+0,16","(+0,23%)",09:57:44,6879.0
2024-10-31 09:59:05,"68,77","+0,16","(+0,23%)",09:57:44,6877.0
2024-10-31 09:59:07,"68,78","+0,17","(+0,25%)",09:58:47,6877.0
2024-10-31 09:59:15,"68,78","+0,17","(+0,25%)",09:58:47,6882.0
2024-10-31 09:59:18,"68,78","+0,17","(+0,25%)",09:58:47,6877.0
2024-10-31 09:59:27,"68,77","+0,16","(+0,23%)",09:57:44,6877.0
2024-10-31 09:59:28,"68,78","+0,17","(+0,25%)",09:58:47,6877.0
2024-10-31 09:59:37,"68,78","+0,17","(+0,25%)",09:58:47,6877.0
2024-10-31 09:59:39,"68,78","+0,17","(+0,25%)",09:58:47,6877.0
2024-10-31 09:59:48,"68,78","+0,17","(+0,25%)",09:58:47,6877.0
2024-10-31 09:59:50,"68,78","+0,17","(+0,25%)",09:58:47,6877.0
2024-10-31 09:59:59,"68,78","+0,17","(+0,25%)",09:58:47,6877.0
2024-10-31 10:00:00,"68,78","+0,17","(+0,25%)",09:58:47,6878.0
2024-10-31 10:00:10,"68,78","+0,17","(+0,25%)",09:58:47,6878.0
2024-10-31 10:00:12,"68,78","+0,17","(+0,25%)",09:59:39,6878.0
2024-10-31 10:00:20,"68,78","+0,17","(+0,25%)",09:59:39,6877.0
2024-10-31 10:00:22,"68,78","+0,17","(+0,25%)",09:58:47,6878.0
2024-10-31 10:00:31,"68,56","-0,05","(-0,07%)",09:47:31,6878.0
2024-10-31 10:00:33,"68,78","+0,17","(+0,25%)",09:59:39,6878.0
2024-10-31 10:00:43,"68,78","+0,17","(+0,25%)",09:59:39,6878.0
2024-10-31 10:00:44,"68,77","+0,16","(+0,23%)",10:00:19,6878.0
2024-10-31 10:00:54,"68,77","+0,16","(+0,23%)",10:00:19,6878.0
2024-10-31 10:00:55,"68,78","+0,17","(+0,25%)",09:59:39,6878.0
2024-10-31 10:01:04,"68,78","+0,17","(+0,25%)",09:59:39,6878.0
2024-10-31 10:01:06,"68,82","+0,21","(+0,31%)",10:00:43,6878.0
2024-10-31 10:01:15,"68,78","+0,17","(+0,25%)",09:59:39,6878.0
2024-10-31 10:01:17,"68,77","+0,16","(+0,23%)",10:00:19,6878.0
2024-10-31 10:01:26,"68,78","+0,17","(+0,25%)",09:59:39,6856.0
2024-10-31 10:01:28,"68,82","+0,21","(+0,31%)",10:00:43,6878.0
2024-10-31 10:01:36,"68,82","+0,21","(+0,31%)",10:00:43,6878.0
2024-10-31 10:01:38,"68,82","+0,21","(+0,31%)",10:00:43,6877.0
2024-10-31 10:01:47,"68,78","+0,17","(+0,25%)",09:59:39,6877.0
2024-10-31 10:01:49,"68,82","+0,21","(+0,31%)",10:00:43,6878.0
2024-10-31 10:01:58,"68,77","+0,16","(+0,23%)",10:00:19,6878.0
2024-10-31 10:02:00,"68,82","+0,21","(+0,31%)",10:00:43,6882.0
2024-10-31 10:02:09,"68,82","+0,21","(+0,31%)",10:00:43,6878.0
2024-10-31 10:02:11,"68,53","-0,08","(-0,12%)",09:46:39,6877.0
2024-10-31 10:02:19,"68,82","+0,21","(+0,31%)",10:00:43,6878.0
2024-10-31 10:38:03,"69,05","+0,44","(+0,64%)",10:36:21,6878.0
2024-10-31 10:38:03,"69,05","+0,44","(+0,64%)",10:36:21,6905.0
2024-10-31 10:38:14,"69,05","+0,44","(+0,64%)",10:36:21,6905.0
2024-10-31 10:38:15,"69,03","+0,42","(+0,61%)",10:37:25,6905.0
2024-10-31 10:38:24,"69,03","+0,42","(+0,61%)",10:37:25,6905.0
2024-10-31 10:38:26,"69,03","+0,42","(+0,61%)",10:37:25,6905.0
2024-10-31 10:38:35,"69,03","+0,42","(+0,61%)",10:37:25,6905.0
2024-10-31 10:38:37,"69,03","+0,42","(+0,61%)",10:37:25,6905.0
2024-10-31 10:38:46,"69,03","+0,42","(+0,61%)",10:37:25,6905.0
2024-10-31 10:38:47,"69,03","+0,42","(+0,61%)",10:37:25,6905.0
2024-10-31 10:38:56,"69,00","+0,39","(+0,57%)",10:38:13,6905.0
2024-10-31 10:38:58,"69,00","+0,39","(+0,57%)",10:38:13,6905.0
2024-10-31 10:39:07,"69,03","+0,42","(+0,61%)",10:37:25,6905.0
2024-10-31 10:39:11,"69,00","+0,39","(+0,57%)",10:38:13,6903.0
2024-10-31 10:39:18,"69,00","+0,39","(+0,57%)",10:38:13,6903.0
2024-10-31 10:39:22,"69,00","+0,39","(+0,57%)",10:38:13,6903.0
2024-10-31 10:39:31,"69,00","+0,39","(+0,57%)",10:38:13,6903.0
2024-10-31 10:39:33,"69,00","+0,39","(+0,57%)",10:38:13,6903.0
2024-10-31 10:39:41,"69,00","+0,39","(+0,57%)",10:38:13,6903.0
2024-10-31 10:39:43,"69,00","+0,39","(+0,57%)",10:38:13,6903.0
2024-10-31 10:39:52,"69,00","+0,39","(+0,57%)",10:38:13,6900.0
2024-10-31 10:39:54,"69,00","+0,39","(+0,57%)",10:38:13,6900.0
2024-10-31 10:40:03,"69,00","+0,39","(+0,57%)",10:38:13,6903.0
2024-10-31 10:40:06,"69,00","+0,39","(+0,57%)",10:38:13,6900.0
2024-10-31 10:40:13,"68,98","+0,37","(+0,54%)",10:39:34,6900.0
2024-10-31 10:40:19,"69,00","+0,39","(+0,57%)",10:38:13,6900.0
2024-10-31 10:40:24,"68,98","+0,37","(+0,54%)",10:39:34,6900.0
2024-10-31 10:40:30,"68,98","+0,37","(+0,54%)",10:39:34,6900.0
2024-10-31 10:40:36,"68,98","+0,37","(+0,54%)",10:39:34,6900.0
2024-10-31 10:40:42,"68,98","+0,37","(+0,54%)",10:39:34,6900.0
2024-10-31 10:40:47,"68,98","+0,37","(+0,54%)",10:39:34,6900.0
2024-10-31 10:40:53,"68,98","+0,37","(+0,54%)",10:39:34,6900.0
2024-10-31 10:40:58,"68,98","+0,37","(+0,54%)",10:39:34,6900.0
2024-10-31 10:41:04,"69,00","+0,39","(+0,57%)",10:40:21,6900.0
2024-10-31 10:41:09,"68,98","+0,37","(+0,54%)",10:39:34,6898.0
2024-10-31 10:41:16,"69,00","+0,39","(+0,57%)",10:40:21,6900.0
2024-10-31 10:41:20,"69,00","+0,39","(+0,57%)",10:40:21,6898.0
2024-10-31 10:41:28,"69,00","+0,39","(+0,57%)",10:40:21,6898.0
2024-10-31 10:41:31,"69,00","+0,39","(+0,57%)",10:40:21,6898.0
2024-10-31 10:41:39,"69,00","+0,39","(+0,57%)",10:40:21,6898.0
2024-10-31 10:41:42,"69,00","+0,39","(+0,57%)",10:40:21,6898.0
2024-10-31 10:41:50,"69,00","+0,39","(+0,57%)",10:40:21,6898.0
2024-10-31 10:41:57,"69,00","+0,39","(+0,57%)",10:40:21,6898.0
2024-10-31 10:42:02,"69,00","+0,39","(+0,57%)",10:40:21,6900.0
2024-10-31 10:42:09,"68,97","+0,36","(+0,52%)",10:41:35,6898.0
2024-10-31 10:42:12,"69,00","+0,39","(+0,57%)",10:40:21,6900.0
2024-10-31 10:42:20,"68,97","+0,36","(+0,52%)",10:41:35,6900.0
2024-10-31 10:42:23,"68,97","+0,36","(+0,52%)",10:41:35,6900.0
2024-10-31 10:42:31,"68,97","+0,36","(+0,52%)",10:41:35,6900.0
2024-10-31 10:42:34,"68,97","+0,36","(+0,52%)",10:41:35,6900.0
2024-10-31 10:42:42,"68,97","+0,36","(+0,52%)",10:41:35,6900.0
2024-10-31 10:42:45,"68,97","+0,36","(+0,52%)",10:41:35,6900.0
2024-10-31 10:42:54,"68,97","+0,36","(+0,52%)",10:41:35,6900.0
2024-10-31 10:42:56,"68,97","+0,36","(+0,52%)",10:41:35,6900.0
2024-10-31 10:43:04,"68,97","+0,36","(+0,52%)",10:41:35,6897.0
2024-10-31 10:43:07,"68,97","+0,36","(+0,52%)",10:41:35,6900.0
2024-10-31 10:43:15,"68,97","+0,36","(+0,52%)",10:41:35,6897.0
2024-10-31 10:43:19,"68,97","+0,36","(+0,52%)",10:41:35,6897.0
2024-10-31 10:43:31,"68,97","+0,36","(+0,52%)",10:42:32,6897.0
2024-10-31 10:43:42,"68,97","+0,36","(+0,52%)",10:42:32,6897.0
2024-10-31 10:43:53,"68,97","+0,36","(+0,52%)",10:42:32,6897.0
2024-10-31 10:44:04,"68,97","+0,36","(+0,52%)",10:42:32,6897.0
2024-10-31 10:44:16,"68,97","+0,36","(+0,52%)",10:42:32,6897.0
2024-10-31 10:44:27,"68,97","+0,36","(+0,52%)",10:42:32,6897.0
2024-10-31 10:44:38,"69,02","+0,41","(+0,60%)",10:43:25,6897.0
2024-10-31 10:44:49,"69,02","+0,41","(+0,60%)",10:43:25,6897.0
2024-10-31 10:45:01,"69,02","+0,41","(+0,60%)",10:43:25,6897.0
2024-10-31 10:45:14,"69,02","+0,41","(+0,60%)",10:43:25,6897.0
2024-10-31 10:46:23,"68,97","+0,36","(+0,52%)",10:42:32,6897.0
2024-10-31 10:46:34,"69,06","+0,45","(+0,66%)",10:44:42,6897.0
2024-10-31 10:46:45,"69,06","+0,45","(+0,66%)",10:44:42,6897.0
2024-10-31 10:46:56,"69,05","+0,44","(+0,64%)",10:45:33,6897.0
2024-10-31 10:47:08,"69,05","+0,44","(+0,64%)",10:45:33,6897.0
2024-10-31 10:47:18,"69,05","+0,44","(+0,64%)",10:45:33,6897.0
2024-10-31 10:52:45,"69,05","+0,44","(+0,64%)",10:45:33,6906.0
2024-10-31 10:52:56,"69,03","+0,42","(+0,61%)",10:46:36,6906.0
2024-10-31 10:53:08,"68,95","+0,34","(+0,50%)",10:51:36,6905.0
2024-10-31 10:53:19,"68,95","+0,34","(+0,50%)",10:51:36,6905.0
2024-10-31 10:53:31,"68,95","+0,34","(+0,50%)",10:51:36,6905.0
2024-10-31 10:53:51,"69,06","+0,45","(+0,66%)",10:36:17,6905.0
2024-10-31 10:54:02,"68,92","+0,31","(+0,45%)",10:52:55,6903.0
2024-10-31 10:54:15,"68,92","+0,31","(+0,45%)",10:52:55,6895.0
2024-10-31 10:54:26,"68,89","+0,28","(+0,41%)",10:53:46,6895.0
2024-10-31 10:54:37,"68,89","+0,28","(+0,41%)",10:53:46,6895.0
2024-10-31 10:54:49,"68,89","+0,28","(+0,41%)",10:53:46,6906.0
2024-10-31 10:55:01,"68,89","+0,28","(+0,41%)",10:53:46,6892.0
2024-10-31 10:55:12,"68,89","+0,28","(+0,41%)",10:53:46,6892.0
2024-10-31 10:55:22,"68,89","+0,28","(+0,41%)",10:53:46,6889.0
2024-10-31 10:56:07,"68,92","+0,31","(+0,45%)",10:52:55,6889.0
2024-10-31 10:56:19,"68,90","+0,29","(+0,42%)",10:54:43,6889.0
2024-10-31 11:03:03,"68,90","+0,29","(+0,42%)",10:54:43,6889.0
2024-10-31 11:03:15,"68,91","+0,30","(+0,44%)",10:55:36,6889.0
2024-10-31 11:03:27,"68,81","+0,20","(+0,29%)",11:01:59,6889.0
2024-10-31 11:03:38,"68,81","+0,20","(+0,29%)",11:01:59,6892.0
2024-10-31 11:03:49,"68,81","+0,20","(+0,29%)",11:01:59,6890.0
2024-10-31 11:04:02,"68,91","+0,30","(+0,44%)",10:55:36,6890.0
2024-10-31 11:04:13,"68,84","+0,23","(+0,34%)",11:03:00,6891.0
2024-10-31 11:04:24,"68,84","+0,23","(+0,34%)",11:03:00,6881.0
2024-10-31 11:04:35,"68,84","+0,23","(+0,34%)",11:03:00,6881.0
2024-10-31 11:04:47,"68,84","+0,23","(+0,34%)",11:03:00,6881.0
2024-10-31 11:04:58,"68,85","+0,24","(+0,35%)",11:03:41,6891.0
2024-10-31 11:05:09,"68,85","+0,24","(+0,35%)",11:03:41,6884.0
2024-10-31 11:05:20,"68,89","+0,28","(+0,41%)",10:53:01,6884.0
2024-10-31 11:05:32,"68,85","+0,24","(+0,35%)",11:03:41,6884.0
2024-10-31 11:05:42,"68,85","+0,24","(+0,35%)",11:03:41,6884.0
2024-10-31 11:05:53,"68,85","+0,24","(+0,35%)",11:03:41,6885.0
2024-10-31 11:06:04,"68,84","+0,23","(+0,34%)",11:05:12,6885.0
2024-10-31 11:06:16,"68,84","+0,23","(+0,34%)",11:05:12,6889.0
2024-10-31 11:06:27,"68,84","+0,23","(+0,34%)",11:05:12,6885.0
2024-10-31 11:06:38,"68,84","+0,23","(+0,34%)",11:05:12,6885.0
2024-10-31 11:06:49,"68,83","+0,22","(+0,32%)",11:04:39,6885.0
2024-10-31 11:07:03,"68,81","+0,20","(+0,29%)",11:06:08,6884.0
2024-10-31 11:07:14,"68,81","+0,20","(+0,29%)",11:06:08,6884.0
2024-10-31 11:07:25,"68,82","+0,21","(+0,31%)",11:05:41,6884.0
2024-10-31 11:07:36,"68,84","+0,23","(+0,34%)",11:05:12,6884.0
2024-10-31 11:09:56,"68,77","+0,16","(+0,23%)",11:07:12,6883.0
2024-10-31 11:10:07,"68,81","+0,20","(+0,29%)",11:06:08,6881.0
2024-10-31 11:10:18,"68,77","+0,16","(+0,23%)",11:07:12,6881.0
2024-10-31 11:10:31,"68,78","+0,17","(+0,25%)",11:09:17,6882.0
2024-10-31 11:10:42,"68,78","+0,17","(+0,25%)",11:09:17,6884.0
2024-10-31 11:10:53,"68,77","+0,16","(+0,23%)",11:06:49,6877.0
2024-10-31 11:11:04,"68,78","+0,17","(+0,25%)",11:09:17,6881.0
2024-10-31 11:11:15,"68,80","+0,19","(+0,28%)",11:10:07,6877.0
2024-10-31 11:11:26,"68,80","+0,19","(+0,28%)",11:10:07,6878.0
2024-10-31 11:11:37,"68,80","+0,19","(+0,28%)",11:10:07,6878.0
2024-10-31 11:11:49,"68,80","+0,19","(+0,28%)",11:10:07,6877.0
2024-10-31 11:12:01,"68,80","+0,19","(+0,28%)",11:10:07,6878.0
2024-10-31 11:12:12,"68,79","+0,18","(+0,26%)",11:10:59,6880.0
2024-10-31 11:12:23,"68,79","+0,18","(+0,26%)",11:10:59,6880.0
2024-10-31 11:12:43,"68,79","+0,18","(+0,26%)",11:10:59,6880.0
2024-10-31 11:12:53,"68,79","+0,18","(+0,26%)",11:10:59,6880.0
2024-10-31 11:13:04,"68,87","+0,26","(+0,38%)",11:12:08,6880.0
2024-10-31 11:13:24,"68,79","+0,18","(+0,26%)",11:10:59,6879.0
2024-10-31 11:13:35,"68,87","+0,26","(+0,38%)",11:12:08,6879.0
2024-10-31 11:13:47,"68,87","+0,26","(+0,38%)",11:12:08,6879.0
2024-10-31 11:13:58,"68,87","+0,26","(+0,38%)",11:12:08,6879.0
2024-10-31 11:14:10,"68,83","+0,22","(+0,32%)",11:11:06,6887.0
2024-10-31 11:14:21,"68,87","+0,26","(+0,38%)",11:12:08,6879.0
2024-10-31 11:14:32,"68,86","+0,25","(+0,36%)",11:13:29,6887.0
2024-10-31 11:14:43,"68,89","+0,28","(+0,41%)",11:14:00,6887.0
2024-10-31 11:15:02,"68,86","+0,25","(+0,36%)",11:13:29,6887.0
2024-10-31 11:15:13,"68,86","+0,25","(+0,36%)",11:13:29,6883.0
2024-10-31 11:15:25,"68,80","+0,19","(+0,28%)",11:10:19,6887.0
2024-10-31 11:15:36,"68,86","+0,25","(+0,36%)",11:13:29,6886.0
2024-10-31 11:15:47,"68,88","+0,27","(+0,39%)",11:14:25,6889.0
2024-10-31 11:15:58,"68,89","+0,28","(+0,41%)",11:15:33,6886.0
2024-10-31 11:16:09,"68,89","+0,28","(+0,41%)",11:14:00,6886.0
2024-10-31 11:16:23,"68,88","+0,27","(+0,39%)",11:14:25,6880.0
2024-10-31 11:16:34,"68,89","+0,28","(+0,41%)",11:15:33,6886.0
2024-10-31 11:16:45,"68,89","+0,28","(+0,41%)",11:15:33,6888.0
2024-10-31 11:16:56,"68,89","+0,28","(+0,41%)",11:15:33,6889.0
2024-10-31 11:17:07,"68,88","+0,27","(+0,39%)",11:16:20,6889.0
2024-10-31 11:17:18,"68,89","+0,28","(+0,41%)",11:15:33,6888.0
2024-10-31 11:17:29,"68,88","+0,27","(+0,39%)",11:16:20,6889.0
2024-10-31 11:17:41,"68,88","+0,27","(+0,39%)",11:16:20,6889.0
2024-10-31 11:17:51,"68,88","+0,27","(+0,39%)",11:16:20,6889.0
2024-10-31 11:18:02,"68,88","+0,27","(+0,39%)",11:16:20,6888.0
2024-10-31 11:18:15,"68,89","+0,28","(+0,41%)",11:17:36,6889.0
2024-10-31 11:18:28,"68,88","+0,27","(+0,39%)",11:13:08,6888.0
2024-10-31 11:18:39,"68,89","+0,28","(+0,41%)",11:17:36,6888.0
2024-10-31 11:18:50,"68,89","+0,28","(+0,41%)",11:17:36,6888.0
2024-10-31 11:19:02,"68,88","+0,27","(+0,39%)",11:16:20,6888.0
2024-10-31 11:19:13,"68,92","+0,31","(+0,45%)",11:18:34,6889.0
2024-10-31 11:19:45,"68,92","+0,31","(+0,45%)",11:18:34,6888.0
2024-10-31 11:19:56,"68,92","+0,31","(+0,45%)",11:18:34,6889.0
2024-10-31 11:20:55,"68,91","+0,30","(+0,44%)",11:15:50,6889.0
2024-10-31 11:21:08,"68,89","+0,28","(+0,41%)",11:17:36,6888.0
2024-10-31 11:21:21,"68,94","+0,33","(+0,48%)",11:20:38,6892.0
2024-10-31 11:21:50,"68,93","+0,32","(+0,47%)",11:19:16,6892.0
2024-10-31 11:22:04,"68,92","+0,31","(+0,45%)",11:18:34,6892.0
2024-10-31 11:22:24,"68,94","+0,33","(+0,48%)",11:20:38,6891.0
2024-10-31 11:22:36,"68,96","+0,35","(+0,51%)",11:21:45,6889.0
2024-10-31 11:22:47,"68,96","+0,35","(+0,51%)",11:21:45,6894.0
2024-10-31 11:22:58,"68,96","+0,35","(+0,51%)",11:21:45,6893.0
2024-10-31 11:23:30,"68,96","+0,35","(+0,51%)",11:21:45,6892.0
2024-10-31 11:23:41,"68,96","+0,35","(+0,51%)",11:21:45,6894.0
2024-10-31 11:23:57,"68,90","+0,29","(+0,42%)",11:22:39,6896.0
2024-10-31 11:24:15,"68,90","+0,29","(+0,42%)",11:22:39,6896.0
2024-10-31 11:24:35,"68,90","+0,29","(+0,42%)",11:22:39,6896.0
2024-10-31 11:24:54,"68,93","+0,32","(+0,47%)",11:23:41,6896.0
2024-10-31 11:25:14,"68,93","+0,32","(+0,47%)",11:23:41,6896.0
2024-10-31 11:25:26,"68,93","+0,32","(+0,47%)",11:23:41,6890.0
2024-10-31 11:25:38,"68,93","+0,32","(+0,47%)",11:23:41,6890.0
2024-10-31 11:25:49,"68,96","+0,35","(+0,51%)",11:24:49,6890.0
2024-10-31 11:26:01,"68,93","+0,32","(+0,47%)",11:23:41,6893.0
2024-10-31 11:26:12,"68,96","+0,35","(+0,51%)",11:24:49,6893.0
2024-10-31 11:26:23,"68,96","+0,35","(+0,51%)",11:24:49,6893.0
2024-10-31 11:26:34,"68,96","+0,35","(+0,51%)",11:24:49,6893.0
2024-10-31 11:26:45,"68,94","+0,33","(+0,48%)",11:25:20,6896.0
2024-10-31 11:26:56,"68,94","+0,33","(+0,48%)",11:25:20,6893.0
2024-10-31 11:27:16,"68,86","+0,25","(+0,36%)",11:14:41,6896.0
2024-10-31 11:27:27,"68,94","+0,33","(+0,48%)",11:25:20,6896.0
2024-10-31 11:27:39,"68,82","+0,21","(+0,31%)",11:27:00,6896.0
2024-10-31 11:27:50,"68,94","+0,33","(+0,48%)",11:25:20,6894.0
2024-10-31 11:28:02,"68,82","+0,21","(+0,31%)",11:27:00,6894.0
2024-10-31 11:28:13,"68,82","+0,21","(+0,31%)",11:27:00,6886.0
2024-10-31 11:28:25,"68,82","+0,21","(+0,31%)",11:27:00,6894.0
2024-10-31 11:29:03,"68,78","+0,17","(+0,25%)",11:27:44,6882.0
2024-10-31 11:29:15,"68,78","+0,17","(+0,25%)",11:27:44,6894.0
2024-10-31 11:29:38,"68,78","+0,17","(+0,25%)",11:27:44,6882.0
2024-10-31 11:29:50,"68,94","+0,33","(+0,48%)",11:28:48,6882.0
2024-10-31 11:30:02,"68,94","+0,33","(+0,48%)",11:28:48,6882.0
2024-10-31 11:30:23,"68,94","+0,33","(+0,48%)",11:28:48,6878.0
2024-10-31 11:30:34,"68,94","+0,33","(+0,48%)",11:28:48,6878.0
2024-10-31 11:30:53,"69,16","+0,55","(+0,80%)",11:29:43,6878.0
2024-10-31 11:31:05,"69,16","+0,55","(+0,80%)",11:29:43,6894.0
2024-10-31 11:31:17,"68,94","+0,33","(+0,48%)",11:28:48,6894.0
2024-10-31 11:31:28,"69,16","+0,55","(+0,80%)",11:29:43,6894.0
2024-10-31 11:33:49,"69,10","+0,49","(+0,71%)",11:30:35,6894.0
2024-10-31 11:34:02,"69,10","+0,49","(+0,71%)",11:30:35,6916.0
2024-10-31 11:34:13,"69,10","+0,49","(+0,71%)",11:30:35,6916.0
2024-10-31 11:34:25,"69,03","+0,42","(+0,61%)",11:32:45,6894.0
2024-10-31 11:35:43,"69,03","+0,42","(+0,61%)",11:32:45,6916.0
2024-10-31 11:35:55,"68,91","+0,30","(+0,44%)",11:33:43,6910.0
2024-10-31 11:36:11,"68,93","+0,32","(+0,47%)",11:34:50,6910.0
2024-10-31 11:36:22,"68,93","+0,32","(+0,47%)",11:34:50,6910.0
2024-10-31 11:36:33,"69,03","+0,42","(+0,61%)",11:32:45,6903.0
2024-10-31 11:36:44,"68,97","+0,36","(+0,52%)",11:36:12,6903.0
2024-10-31 11:36:56,"68,97","+0,36","(+0,52%)",11:36:12,6891.0
2024-10-31 11:37:07,"68,93","+0,32","(+0,47%)",11:34:50,6893.0
2024-10-31 11:37:25,"68,97","+0,36","(+0,52%)",11:36:12,6893.0
2024-10-31 11:37:36,"68,97","+0,36","(+0,52%)",11:36:12,6903.0
2024-10-31 11:37:47,"68,97","+0,36","(+0,52%)",11:36:12,6897.0
2024-10-31 11:38:12,"68,97","+0,36","(+0,52%)",11:37:03,6897.0
2024-10-31 11:38:24,"68,97","+0,36","(+0,52%)",11:37:03,6893.0
2024-10-31 11:38:35,"68,98","+0,37","(+0,54%)",11:37:42,6897.0
2024-10-31 11:38:46,"68,98","+0,37","(+0,54%)",11:37:42,6897.0
2024-10-31 11:38:58,"68,97","+0,36","(+0,52%)",11:37:03,6897.0
2024-10-31 11:39:09,"68,98","+0,37","(+0,54%)",11:37:42,6897.0
2024-10-31 11:39:54,"68,98","+0,37","(+0,54%)",11:37:42,6897.0
2024-10-31 11:40:12,"68,98","+0,37","(+0,54%)",11:37:42,6898.0
2024-10-31 11:40:24,"68,86","+0,25","(+0,36%)",11:26:35,6898.0
2024-10-31 11:40:35,"68,98","+0,37","(+0,54%)",11:37:42,6897.0
2024-10-31 11:40:46,"68,98","+0,37","(+0,54%)",11:40:09,6898.0
2024-10-31 11:41:24,"68,98","+0,37","(+0,54%)",11:40:09,6898.0
2024-10-31 11:41:35,"68,94","+0,33","(+0,48%)",11:38:53,6898.0
2024-10-31 11:41:48,"68,97","+0,36","(+0,52%)",11:41:03,6886.0
2024-10-31 11:42:06,"68,97","+0,36","(+0,52%)",11:41:03,6898.0
2024-10-31 11:42:17,"68,97","+0,36","(+0,52%)",11:41:03,6898.0
2024-10-31 11:42:29,"68,97","+0,36","(+0,52%)",11:41:03,6898.0
2024-10-31 11:42:40,"68,97","+0,36","(+0,52%)",11:41:03,6894.0
2024-10-31 11:42:51,"68,97","+0,36","(+0,52%)",11:41:03,6897.0
2024-10-31 11:43:02,"68,98","+0,37","(+0,54%)",11:40:09,6897.0
2024-10-31 11:43:13,"69,03","+0,42","(+0,61%)",11:42:16,6897.0
2024-10-31 11:43:24,"69,03","+0,42","(+0,61%)",11:42:16,6897.0
2024-10-31 11:43:35,"69,03","+0,42","(+0,61%)",11:42:16,6897.0
2024-10-31 11:43:47,"69,03","+0,42","(+0,61%)",11:42:16,6897.0
2024-10-31 11:43:59,"69,00","+0,39","(+0,57%)",11:43:10,6898.0
